Wavelength,uJ/count
338.5374925,7.080123793575802e-09
338.9177132,7.212044121725351e-09
339.297902,7.3436341649282115e-09
339.6780589,1.7966693876845707e-08
340.0581838,6.2714109494956596e-09
340.4382767,1.4765241889963e-08
340.8183376,1.6515262891018538e-08
341.1983666,6.247340178365252e-08
341.5783635,1.7853911413097012e-08
341.9583283,-2.6367442401038753e-08
342.3382611,-5.46705800817424e-07
342.7181619,-4.984813222310637e-08
343.0980305,-5.250437833346131e-08
343.4778671,-1.8211162218914056e-08
343.8576715,-2.434577653980878e-08
344.2374438,-7.062122046348106e-08
344.617184,4.3593104426666634e-08
344.996892,1.6779718724943605e-08
345.3765678,1.7958753287372064e-08
345.7562114,-3.8478306665676106e-08
346.1358229,3.9181103430256536e-07
346.5154021,-2.929125966529943e-08
346.8949491,-1.0921016008917038e-08
347.2744638,-1.4658545724662466e-08
347.6539463,4.113671861852696e-08
348.0333965,-2.028555684273177e-07
348.4128144,2.01138924906829e-08
348.7921999,7.2837815262893615e-09
349.1715532,1.4057066669259356e-08
349.5508741,1.557694997236202e-08
349.9301627,6.50078780838213e-08
350.3094189,-1.346230196525225e-08
350.6886427,-8.373147243402192e-09
351.0678341,-9.11268294877748e-08
351.4469931,2.1841739736035524e-08
351.8261196,2.6012230708890564e-08
352.2052138,1.0595175103270533e-08
352.5842754,7.169792549509679e-09
352.9633046,6.728420116958986e-09
353.3423013,8.83503410062518e-09
353.7212655,6.925562863746294e-09
354.1001971,1.0670157286104242e-08
354.4790963,1.0605822548150316e-08
354.8579629,2.2605517793428972e-08
355.2367969,1.2807221759299374e-07
355.6155983,4.073755507471516e-08
355.9943671,3.509590159727053e-08
356.3731034,6.041457772997083e-08
356.751807,-1.8406572580067026e-07
357.1304779,3.140097459667668e-08
357.5091162,4.892579534321892e-07
357.8877219,-3.067684993978416e-08
358.2662948,-1.7225390575826026e-08
358.6448351,-1.798345616766349e-08
359.0233426,-9.16822958141711e-09
359.4018174,-1.2424847443317177e-08
359.7802594,-2.5691920090550585e-08
360.1586687,-9.956977861497068e-08
360.5370453,-1.0163328423653687e-07
360.915389,2.303432021571376e-08
361.2936999,3.7671673211917274e-08
361.671978,2.135706822873474e-08
362.0502233,5.198174310411259e-08
362.4284357,1.65133150524603e-08
362.8066152,-1.9607747752423264e-06
363.1847619,2.0757711791906326e-08
363.5628756,2.0914070140115512e-08
363.9409565,1.8119861985086064e-08
364.3190044,2.7411608499735544e-08
364.6970194,1.2724034799268878e-08
365.0750014,2.3244202550161132e-08
365.4529505,1.5197173807661644e-08
365.8308666,1.4403569984600527e-08
366.2087496,1.643060339369094e-08
366.5865997,1.952883356360963e-08
366.9644167,3.7051056551720327e-08
367.3422007,5.49455915247936e-08
367.7199516,6.014261735007939e-08
368.0976694,4.941609911442373e-08
368.4753541,5.769526636500989e-07
368.8530058,-2.6294270799349146e-06
369.2306243,6.023399847728287e-07
369.6082097,-9.149896760847487e-08
369.9857619,-4.3938229783275106e-08
370.3632809,-5.15340729401798e-08
370.7407668,-4.80786182647885e-08
371.1182195,-2.4469737742636023e-08
371.495639,-9.237745613698097e-08
371.8730252,-1.0035006465431079e-07
372.2503782,2.724674021959643e-06
372.6276979,-2.3934357632885803e-07
373.0049844,4.468561523069863e-08
373.3822376,5.745255366388285e-08
373.7594574,3.677593815980364e-08
374.136644,3.012452958217831e-08
374.5137972,1.9451600338183955e-08
374.8909171,2.3784764861622708e-08
375.2680036,3.894206468249621e-08
375.6450567,3.104736359367489e-08
376.0220765,4.3786457608005936e-08
376.3990628,3.676707946403674e-08
376.7760157,-9.789568579217675e-07
377.1529352,1.4225494118519427e-06
377.5298212,-4.077481704088787e-08
377.9066737,-2.3465471685117302e-08
378.2834928,-2.545416748171002e-08
378.6602784,-3.261690018055788e-08
379.0370304,-2.5184774586237284e-08
379.413749,-2.9844398021974384e-08
379.7904339,6.039119897841235e-07
380.1670854,3.837233867143784e-07
380.5437032,3.884269153803152e-08
380.9202875,3.8951738736475e-08
381.2968381,6.89305719445835e-08
381.6733552,-7.356467161984453e-08
382.0498386,-2.7072991206206638e-08
382.4262883,-1.702999227165422e-08
382.8027044,-1.9092756884834978e-08
383.1790869,-8.771645956150607e-08
383.5554356,8.885383941269295e-08
383.9317506,5.305805177827957e-08
384.3080319,5.7173397990681367e-08
384.6842794,7.001507626573522e-08
385.0604932,5.783758475680898e-08
385.4366732,1.3579771889591317e-07
385.8128195,7.139699191382486e-08
386.1889319,3.619486086658668e-08
386.5650106,7.066521095052678e-08
386.9410554,-3.5198807021398684e-08
387.3170663,-3.1495778947101785e-08
387.6930434,-3.576774022374732e-08
388.0689866,-3.857413008933872e-08
388.444896,2.047920044431063e-06
388.8207714,6.172068623244564e-08
389.1966129,-2.3471700351085346e-06
389.5724205,-9.95694551268108e-08
389.9481941,-3.8109868676361585e-08
390.3239338,-3.0662115676484856e-08
390.6996394,-2.782114928017308e-08
391.0753111,-5.279715313320877e-08
391.4509488,-7.051931512978549e-08
391.8265525,-1.2750063516765008e-07
392.2021221,1.39717451394175e-07
392.5776576,5.599657120573544e-08
392.9531591,4.167536007683082e-08
393.3286265,4.699503872225573e-08
393.7040598,5.200258868747621e-08
394.079459,1.737310677858884e-07
394.4548241,-2.2296076030020958e-07
394.830155,-1.3099715643438595e-06
395.2054517,8.700652385249517e-08
395.5807143,3.942542030775882e-08
395.9559427,7.621617808272094e-08
396.3311369,9.453803492437107e-08
396.7062968,3.180362604157598e-07
397.0814225,6.041453081226494e-07
397.456514,-6.813222926520079e-08
397.8315712,-2.2602591736118052e-07
398.2065942,2.762957330833395e-06
398.5815828,7.277134514848008e-08
398.9565371,1.0368781663405859e-07
399.3314571,6.047993557276642e-08
399.7063428,9.870260600915667e-08
400.0811941,2.1319384377275468e-07
400.456011,-1.7890643003691219e-07
400.8307935,-1.3984269697120506e-07
401.2055417,-5.363279776253378e-08
401.5802554,-4.228363921062584e-08
401.9549347,-4.760492157920961e-08
402.3295795,-4.888520488289314e-08
402.7041899,-3.6729234308785245e-08
403.0787658,-4.637920555658247e-08
403.4533073,5.58955591682195e-05
403.8278142,2.8633809588954334e-07
404.2022866,-4.474009943015386e-08
404.5767244,-5.861803212770027e-08
404.9511277,-3.246909938517567e-07
405.3254965,-6.534394413090537e-08
405.6998306,-7.028083836902332e-08
406.0741302,3.628303514071156e-07
406.4483951,9.03027470382273e-08
406.8226255,1.6728347780295882e-07
407.1968212,1.0193800692174034e-07
407.5709822,6.593501185942223e-08
407.9451085,3.974484458264094e-08
408.3192002,8.070682626043684e-08
408.6932572,2.581592841888441e-07
409.0672794,-4.1109490667855997e-07
409.4412669,-8.764627304922087e-08
409.8152197,-9.716593027265859e-08
410.1891377,-4.210481523263188e-06
410.5630209,1.264424259854869e-07
410.9368694,-1.669134518830887e-06
411.310683,1.1449898404375258e-07
411.6844618,1.807808062529278e-07
412.0582058,-4.6926941793895796e-07
412.4319149,-1.3060407326014483e-07
412.8055892,-4.0939780586350634e-07
413.1792285,-1.2898763098736118e-07
413.552833,-6.500381663780703e-08
413.9264026,-5.857297343252791e-08
414.2999372,-4.841703533953279e-08
414.6734369,-7.327236408113238e-08
415.0469016,-1.0014453767724621e-07
415.4203314,4.525160025384052e-07
415.7937262,2.9431708147397513e-07
416.1670859,5.1262831544015906e-08
416.5404107,7.751429822928668e-08
416.9137004,5.6485751909334044e-08
417.2869551,9.838842306555133e-08
417.6601747,5.9167984718984514e-08
418.0333592,2.455494081970241e-07
418.4065087,8.19579533448993e-08
418.779623,-1.458492780949566e-07
419.1527022,-9.378076794214235e-08
419.5257463,-5.44854521475779e-08
419.8987552,-6.284651656838449e-08
420.2717289,-3.9923053716034345e-08
420.6446675,-1.0893917812312609e-07
421.0175709,-1.1387432799861158e-07
421.390439,-1.590189527456669e-07
421.763272,-4.265449250558768e-07
422.1360696,-1.7305541623865943e-07
422.5088321,-8.470576462815288e-08
422.8815592,-1.085860394849133e-07
423.2542511,-1.5854187740256598e-07
423.6269076,-7.94889363604309e-08
423.9995289,-1.8930949387878226e-07
424.3721148,-2.874580422269205e-07
424.7446653,-3.050565396142634e-06
425.1171805,-1.28702197360511e-07
425.4896604,2.506485977269364e-07
425.8621048,1.1686004404096181e-07
426.2345138,1.1689737315398117e-07
426.6068874,2.292358315900815e-07
426.9792255,6.982493304152363e-08
427.3515282,5.603876928607072e-07
427.7237955,1.7520519809686703e-06
428.0960272,5.242208287736175e-07
428.4682234,-1.8573581168283873e-07
428.8403842,-5.449328746671027e-08
429.2125094,-4.345646765206534e-08
429.584599,-4.011479717199771e-08
429.9566531,-4.1366619444133325e-08
430.3286717,-8.64810593260352e-08
430.7006546,-3.9959371179079754e-07
431.0726019,1.7448540882875306e-07
431.4445136,4.4103707204744883e-07
431.8163897,-5.18675165976064e-07
432.1882301,-1.2318997483789218e-07
432.5600349,-2.2854956163377362e-07
432.931804,-2.692832143158069e-07
433.3035374,-1.0457490961319383e-06
433.6752351,1.4175529989324644e-07
434.046897,-2.42518111658328e-07
434.4185232,-3.856528712376853e-08
434.7901137,-5.275787472710997e-08
435.1616684,-2.8989218608899493e-08
435.5331873,-2.1459797243723427e-08
435.9046704,-3.0645776128748316e-08
436.2761177,-4.735974559253639e-08
436.6475291,-3.8892332826928165e-08
437.0189047,-8.489763953019154e-08
437.3902445,-1.4876548834173197e-07
437.7615484,-1.9285400944624964e-07
438.1328164,3.610155378071096e-07
438.5040485,-4.3949770906224124e-07
438.8752446,-9.177843608170602e-07
439.2464048,5.1831935993838295e-05
439.6175291,-2.4088018603710383e-05
439.9886174,-8.858799946853855e-07
440.3596698,-8.089299652608901e-07
440.7306861,1.0407344680791865e-06
441.1016664,3.9636349293918775e-07
441.4726107,3.8335194244554654e-07
441.843519,-9.311402368232754e-07
442.2143912,6.064871335406391e-07
442.5852273,7.105519861735785e-07
442.9560274,-2.666620466908739e-06
443.3267913,-4.48470686424423e-07
443.6975192,-7.777955980610154e-07
444.0682109,4.429718758860432e-06
444.4388664,-4.947848367247769e-06
444.8094858,1.6973534604637643e-06
445.180069,-7.175120216610447e-07
445.550616,-5.279743352267756e-07
445.9211269,-1.8889642906402788e-07
446.2916015,-1.4907414091453942e-07
446.6620398,-9.57038493209923e-08
447.0324419,-1.4857421808018283e-07
447.4028078,-1.6865167889155315e-07
447.7731374,-3.6894517643010936e-07
448.1434306,-6.549237251538952e-07
448.5136876,2.4811320224177834e-07
448.8839082,1.4659802117058386e-06
449.2540925,2.051735196863307e-06
449.6242404,-3.9339201519365196e-07
449.994352,-3.5169651679954306e-07
450.3644272,-1.2450701179806976e-07
450.7344659,-1.7144175755895304e-07
451.1044683,-1.5815332050334244e-07
451.4744342,-1.7300518109581684e-07
451.8443637,-1.9222571186150072e-07
452.2142567,-2.8984384259791195e-07
452.5841132,-2.0583412220275582e-07
452.9539333,-2.3253375556154827e-07
453.3237168,-1.3078774757203354e-07
453.6934638,-2.0356015331662118e-07
454.0631743,-3.3124147080938226e-07
454.4328483,-6.036258588953447e-07
454.8024856,8.814491702899669e-07
455.1720864,1.4605007178879965e-07
455.5416506,2.9008471816625544e-07
455.9111781,2.433422523408401e-07
456.2806691,2.4530265374081326e-07
456.6501234,4.877012079848061e-07
457.019541,1.7625395850556475e-06
457.388922,3.776420189834274e-07
457.7582663,1.9236839835628038e-06
458.1275739,1.58157416303567e-06
458.4968447,-6.095397151966406e-07
458.8660788,-2.7655044442884176e-07
459.2352762,-1.4508300693594973e-07
459.6044368,-1.1815455933331334e-07
459.9735607,-1.0256790318106191e-07
460.3426477,-1.0770297684045963e-07
460.711698,-9.92567250807578e-08
461.0807114,-1.134562167145535e-07
461.449688,-1.5825583204227945e-07
461.8186277,-1.7149124532954306e-07
462.1875306,-1.485789343724051e-07
462.5563965,-2.1889772606499002e-07
462.9252256,-3.3315487920457715e-07
463.2940178,-3.045806704479996e-07
463.662773,-3.2785884642607734e-07
464.0314913,-2.459477019661748e-07
464.4001726,-2.0698613495207041e-07
464.768817,-1.9786973502594475e-07
465.1374244,-2.2630693573079278e-07
465.5059948,-1.3441526297506245e-07
465.8745281,-2.6799300133133503e-07
466.2430244,-1.9105657522047157e-07
466.6114837,-1.1562770536659783e-07
466.9799059,-1.1832452786953807e-07
467.348291,-2.511096887837552e-07
467.7166391,-1.8950522870796248e-07
468.08495,-2.8193437029612056e-07
468.4532238,2.308814929671934e-05
468.8214604,-3.830423651039437e-07
469.18966,-2.891567360222707e-07
469.5578223,-2.3628268648826354e-07
469.9259474,-1.8397148124126754e-07
470.2940354,-1.5443596249374066e-07
470.6620861,-2.1887307763107593e-07
471.0300997,-2.744706099103828e-07
471.3980759,-3.7831529927655087e-07
471.7660149,-1.7440443895449724e-07
472.1339167,-1.9923888223832855e-07
472.5017811,-1.5354548525828758e-07
472.8696083,-1.2830975367332403e-07
473.2373981,-1.1318964709818725e-07
473.6051506,-2.852195672718547e-07
473.9728657,-3.5670169299280097e-07
474.3405435,2.7875166936056708e-06
474.7081839,-6.86966201747584e-07
475.0757869,5.788458625318702e-06
475.4433525,-1.5505296488034393e-06
475.8108806,-3.434584981762024e-07
476.1783714,-4.1650479655637294e-07
476.5458246,-1.1586075592353765e-06
476.9132404,-3.0026676417455686e-07
477.2806188,-8.508349983544352e-07
477.6479596,1.079739424689449e-06
478.0152629,-4.427108113557599e-07
478.3825287,-5.009718375039002e-07
478.7497569,7.150498022951198e-07
479.1169476,-1.9986314543782135e-06
479.4841007,-1.1883596245091883e-06
479.8512162,2.23708246518408e-06
480.2182941,2.248780615537854e-06
480.5853343,-4.264256824663728e-07
480.952337,-2.9676418505047036e-07
481.319302,-4.3694500624456567e-07
481.6862293,-6.266282740951246e-07
482.0531189,-6.411986051595313e-07
482.4199709,-1.7261608690359332e-06
482.7867851,-4.843093524354529e-06
483.1535616,-1.426319354968823e-05
483.5203004,-7.266214451026714e-07
483.8870014,-6.036912435957987e-07
484.2536647,-1.5445938892333954e-06
484.6202902,-2.3688593631272357e-06
484.9868778,-4.2564719950006825e-07
485.3534277,-6.63842203486296e-07
485.7199397,-7.809981859320441e-07
486.0864138,-4.6973637696910623e-07
486.4528502,-5.500623405083758e-07
486.8192486,-6.358276186593906e-07
487.1856091,-9.267150684232616e-07
487.5519318,-2.7608267168134967e-07
487.9182165,-1.9087334544678396e-07
488.2844633,-1.3565274112617407e-07
488.6506721,-1.1385610956552393e-07
489.0168429,-1.0453958689802894e-07
489.3829758,-1.6607116308038733e-07
489.7490707,-2.756145946783601e-07
490.1151276,-9.053969165991358e-07
490.4811464,-1.4746477919937461e-06
490.8471272,-2.3654366262609188e-05
491.21307,-5.775884596390175e-07
491.5789747,-4.736175229961925e-07
491.9448413,-2.680207766762015e-07
492.3106697,-3.337674676261609e-07
492.6764601,-1.6732627022254022e-07
493.0422124,-2.0848688192518208e-07
493.4079264,-1.9934030505112506e-07
493.7736024,-3.4349346507520814e-07
494.1392401,-2.8601725541796593e-07
494.5048397,-5.944555695858234e-07
494.8704011,-4.074999345125205e-07
495.2359242,-3.6051462068978067e-07
495.6014091,-2.3855850925588736e-07
495.9668557,-3.0208163585990416e-07
496.3322641,-2.476950640691843e-07
496.6976342,-3.3916237976388774e-07
497.062966,-5.913342605556549e-07
497.4282595,-2.06617098598338e-06
497.7935147,8.921331940095928e-07
498.1587315,2.8533987333639114e-07
498.5239099,4.146494006266322e-07
498.88905,3.6142071983191503e-07
499.2541517,8.835569144546304e-07
499.619215,-5.59387332518108e-07
499.9842399,-3.2183827242775435e-07
500.3492263,-2.9623253905164534e-07
500.7141743,-1.6147119811925626e-07
501.0790839,-1.5578846790956885e-07
501.4439549,-1.7035774056818206e-07
501.8087875,-2.6554961676989517e-07
502.1735816,-2.063216042012185e-07
502.5383371,-2.9546605536457814e-07
502.9030541,-5.10447911117531e-07
503.2677326,1.5914641484109619e-06
503.6323724,-5.180317347398429e-07
503.9969737,-3.277000531335029e-06
504.3615364,3.965502967912839e-06
504.7260605,1.6754714748227453e-06
505.090546,-4.0182402244665404e-07
505.4549928,-4.261225303791878e-07
505.8194009,-3.856328979208948e-07
506.1837704,-3.88406853133779e-07
506.5481012,-2.575608173594279e-07
506.9123933,-2.898930482116448e-07
507.2766467,-2.6502554763333546e-07
507.6408613,-2.635542373137823e-07
508.0050372,-1.7822835919757142e-07
508.3691743,-1.7520628447902218e-07
508.7332727,-1.6287406541724102e-07
509.0973322,-1.9615884253280414e-07
509.461353,-1.6147023644827883e-07
509.8253349,-1.7885327823520506e-07
510.189278,-2.140856111327689e-07
510.5531822,-3.0365008822954646e-07
510.9170476,-2.5777969593610013e-07
511.280874,-6.606431745061582e-07
511.6446616,4.514396633280239e-06
512.0084103,8.031029815968892e-07
512.37212,1.42772424595225e-06
512.7357908,4.327020589275889e-06
513.0994226,6.810736260081127e-06
513.4630155,-2.373474819308435e-06
513.8265694,-2.6376370481438233e-06
514.1900842,1.2747245679164524e-05
514.5535601,6.719315394289407e-07
514.9169969,1.4277708661642135e-06
515.2803947,5.4476170043529785e-06
515.6437534,-5.890792037183203e-07
516.007073,-4.50233017014365e-07
516.3703535,-3.185077549478026e-07
516.7335949,-2.0865367943475351e-07
517.0967972,-1.89098628648822e-07
517.4599603,-1.914558912043815e-07
517.8230843,-2.0603440537520732e-07
518.1861692,-2.0826129463762258e-07
518.5492148,-4.000102705182817e-07
518.9122213,-6.817966554723444e-07
519.2751885,-7.3877420864046675e-06
519.6381165,4.053479339626465e-06
520.0010052,2.544240132034921e-06
520.3638547,-1.2120041602353355e-06
520.7266649,-3.9591282246267054e-07
521.0894359,-2.7176831328961187e-07
521.4521675,-2.48788045801825e-07
521.8148598,-2.182669209237004e-07
522.1775127,-2.698779649887777e-07
522.5401264,-4.228044621327337e-07
522.9027006,-3.416552919195762e-07
523.2652355,-2.9286240980885457e-07
523.627731,-3.2541915908375227e-07
523.990187,-2.6748793084666986e-07
524.3526037,-2.7053899000679254e-07
524.7149809,-3.292232439299676e-07
525.0773186,-3.508408217114444e-07
525.4396169,-4.592872699274137e-07
525.8018757,-7.312475649906349e-07
526.164095,-7.538721222761678e-07
526.5262747,-9.022970395130384e-07
526.888415,-1.0084311028814148e-06
527.2505157,-6.617453982138444e-07
527.6125768,-4.2331174818655714e-07
527.9745984,-2.407653405924176e-07
528.3365803,-2.5484639383531385e-07
528.6985227,-2.2600940936927756e-07
529.0604254,-2.0634505743364242e-07
529.4222885,-2.2216024931682407e-07
529.784112,-3.952062247767124e-07
530.1458958,-2.6900049848579155e-07
530.5076399,-3.1273262330935793e-07
530.8693443,-3.892852713237649e-07
531.231009,-4.411484998825487e-07
531.592634,-5.003131425867491e-07
531.9542192,-7.316524182926238e-07
532.3157647,-9.548486205568032e-07
532.6772704,-1.4096250074194012e-06
533.0387363,-1.1428339204652971e-06
533.4001624,-4.849675386441677e-07
533.7615487,-7.751286799803559e-07
534.1228952,-6.855331266783232e-07
534.4842018,-3.5363286135463165e-07
534.8454685,-3.459462519189075e-07
535.2066954,-4.341231342398318e-07
535.5678824,-4.0891333230153297e-07
535.9290295,-3.274663502281967e-07
536.2901367,-3.8615324094804486e-07
536.6512039,-3.29100987003464e-07
537.0122312,-3.700826235948996e-07
537.3732185,-2.9190758958703477e-07
537.7341658,-2.984643335470852e-07
538.0950731,-3.529710915151304e-07
538.4559404,-4.258285564644876e-07
538.8167677,-3.844635186907616e-07
539.177555,-4.1747731314431054e-07
539.5383022,-3.122279538288129e-07
539.8990093,-2.7995049340217114e-07
540.2596763,-2.8864409543941306e-07
540.6203032,-2.0876983798097212e-07
540.98089,-2.1806612733805755e-07
541.3414367,-2.793618588055699e-07
541.7019432,-2.469633885221296e-07
542.0624096,-1.9190230817387667e-07
542.4228358,-2.9152280906823303e-07
542.7832218,-2.7648288171409083e-07
543.1435676,-2.5843321586792457e-07
543.5038731,-2.8220498904618237e-07
543.8641385,-2.846102708078938e-07
544.2243636,-2.570729251679392e-07
544.5845484,-1.3157172880719958e-07
544.9446929,-8.610796737656201e-08
545.3047971,-5.481113008486376e-08
545.664861,-4.2942922421806325e-08
546.0248846,-3.6406558841696264e-08
546.3848679,-4.086632010495853e-08
546.7448107,-5.008201426815108e-08
547.1047133,-7.911691683011842e-08
547.4645754,-1.2249634590822096e-07
547.8243971,-2.543549240110021e-07
548.1841784,-4.0654722859019286e-07
548.5439193,-3.5023823102053693e-07
548.9036197,-3.101366931691806e-07
549.2632796,-8.122141960903455e-07
549.6228991,-4.316357111541807e-07
549.9824781,-2.3085424111662607e-07
550.3420166,-2.6720818666053816e-07
550.7015145,-2.405016056508324e-07
551.0609719,-1.9168775594456294e-07
551.4203888,-1.7206036118883107e-07
551.7797651,-1.971339440554591e-07
552.1391008,-1.9955957625165785e-07
552.4983959,-2.625760205777772e-07
552.8576504,-2.8911472821311203e-07
553.2168643,-8.79988871223725e-07
553.5760375,-1.258563413762243e-06
553.9351701,-1.4880309613323435e-06
554.294262,-3.018728010179402e-07
554.6533132,-3.3290954754940466e-07
555.0123237,-2.3194723362729071e-07
555.3712934,-2.3429182739987348e-07
555.7302225,-2.1319661563157639e-07
556.0891108,-2.2725891869832144e-07
556.4479583,-2.1429799220698783e-07
556.806765,-1.8056358190325965e-07
557.165531,-1.9708403087874257e-07
557.5242561,-1.900203327942539e-07
557.8829405,-2.855905298108243e-07
558.241584,-2.524404166163747e-07
558.6001866,-2.708703660833014e-07
558.9587483,-1.826722978859965e-07
559.3172692,-1.6253059089513773e-07
559.6757492,-1.7434240965878929e-07
560.0341882,-1.6345234201927608e-07
560.3925864,-2.0351495567187088e-07
560.7509436,-2.599153378188018e-07
561.1092598,-3.317446811253769e-07
561.467535,-2.1050236291098119e-07
561.8257693,-2.498947237889953e-07
562.1839625,-2.923514160186295e-07
562.5421148,-3.7905251598147737e-07
562.900226,-3.946131536455563e-07
563.2582961,-6.764735153989031e-07
563.6163252,-7.572549185391532e-07
563.9743132,-3.73391215888313e-07
564.3322601,-2.9831991286651586e-07
564.6901659,-2.643920646579642e-07
565.0480306,-2.390294362688893e-07
565.4058541,-1.9689427295402438e-07
565.7636365,-2.1921173619738662e-07
566.1213777,-2.630283009953955e-07
566.4790777,-2.865795479198515e-07
566.8367366,-3.4666492219398147e-07
567.1943542,-3.955185035331231e-07
567.5519306,-3.0103814911434247e-07
567.9094657,-2.434027612144247e-07
568.2669595,-1.9020976703184278e-07
568.6244121,-1.8096995886945454e-07
568.9818234,-1.937824398433468e-07
569.3391934,-1.6826655804642558e-07
569.6965221,-1.7172729762017315e-07
570.0538095,-1.7830797446899084e-07
570.4110554,-1.870735864353465e-07
570.7682601,-1.9232401946316816e-07
571.1254233,-2.79286259417763e-07
571.4825452,-3.400339387620009e-07
571.8396256,-4.4063708093076e-07
572.1966646,-6.276972330134145e-07
572.5536622,-6.781519617766353e-07
572.9106183,-1.3281606464904901e-06
573.2675329,-3.8581201803469616e-07
573.6244061,-4.526850167257741e-07
573.9812377,-3.142471674206567e-07
574.3380279,-2.7265414165117297e-07
574.6947765,-2.596920551720866e-07
575.0514835,-2.53335772736509e-07
575.408149,-2.2175308504402618e-07
575.7647729,-2.0661802817734729e-07
576.1213553,-2.03033215309476e-07
576.477896,-1.70064903972119e-07
576.8343951,-1.9557226587638524e-07
577.1908525,-2.2390760089292903e-07
577.5472684,-2.0170122581305275e-07
577.9036425,-1.9340358367903537e-07
578.259975,-2.0060245618288606e-07
578.6162657,-2.2852084611839706e-07
578.9725148,-2.066813554003983e-07
579.3287221,-2.0002037934877898e-07
579.6848877,-2.798301636403833e-07
580.0410115,-4.373542412116737e-07
580.3970936,-6.297932124588384e-07
580.7531338,-1.64159393408976e-06
581.1091323,2.8849711516701326e-06
581.4650889,-6.42412160472459e-07
581.8210038,-2.813922202633034e-07
582.1768767,-2.1123953192549583e-07
582.5327078,-2.1012670594179264e-07
582.8884971,-1.8061848743039724e-07
583.2442444,-2.3605275243451141e-07
583.5999498,-3.257332147915591e-07
583.9556133,-4.064191068595593e-07
584.3112349,-2.798225670725284e-07
584.6668145,-3.900336469896934e-07
585.0223522,-3.261675366980309e-07
585.3778478,-2.670893535178504e-07
585.7333015,-2.163928733307819e-07
586.0887131,-2.0556519249099248e-07
586.4440828,-2.1653321598226015e-07
586.7994103,-3.2128433337511153e-07
587.1546959,-4.1066925921114665e-07
587.5099393,-1.11422642421838e-06
587.8651407,-1.8632661380092427e-05
588.2202999,-4.558231043594805e-06
588.5754171,-7.692335801586326e-07
588.9304921,-6.28723128781719e-07
589.285525,-5.592296729327971e-07
589.6405157,-5.871829385466339e-07
589.9954642,-5.789458902029647e-07
590.3503705,-5.322387874692632e-07
590.7052346,-1.1199076448853812e-06
591.0600565,-1.380954517814775e-06
591.4148362,-1.0317698974393742e-06
591.7695736,-8.915390806134452e-07
592.1242687,-1.186562541230385e-06
592.4789215,-6.43505912406254e-07
592.8335321,-4.0594973860954085e-07
593.1881003,-4.961379082612014e-07
593.5426262,-3.4316696402780764e-07
593.8971098,-3.5771387038095037e-07
594.251551,-4.1711980483323467e-07
594.6059498,-4.801744636995773e-07
594.9603063,-5.975068841055042e-07
595.3146203,-2.4014133330609605e-06
595.6688919,-2.120008270137516e-06
596.0231211,5.505305215682923e-06
596.3773079,1.0720464381763656e-06
596.7314521,2.2449031841216216e-06
597.0855539,9.258818481153169e-07
597.4396132,1.885485218734992e-06
597.79363,-1.1547544823701642e-06
598.1476043,-1.1645255709362056e-06
598.501536,-7.200509314791722e-07
598.8554252,-3.9118885025375874e-07
599.2092718,-3.6722895246740135e-07
599.5630758,-4.4074562328737046e-07
599.9168372,-3.224146010750431e-07
600.270556,-2.9656396445161085e-07
600.6242322,-3.2459634583396096e-07
600.9778657,-4.021786991777288e-07
601.3314566,-3.9986064561454124e-07
601.6850048,-7.534548652621554e-07
602.0385103,-5.843736819158655e-06
602.3919731,-4.553046841564792e-06
602.7453931,6.725869300266454e-05
603.0987705,-1.0623833521362045e-06
603.4521051,-5.135658907952998e-07
603.8053969,-4.486392306131813e-07
604.158646,-4.151224433288796e-07
604.5118522,-5.155530396112702e-07
604.8650157,-1.4035584790666687e-06
605.2181363,-1.637005770756676e-06
605.5712141,-1.2023387412826986e-05
605.924249,2.6655425351847074e-06
606.277241,4.712113112644668e-06
606.6301902,-1.4005906638436216e-06
606.9830965,-9.50334702086297e-07
607.3359598,-4.129881655352557e-07
607.6887802,-3.026116359674859e-07
608.0415577,-3.083885263070946e-07
608.3942922,-3.890592233466562e-07
608.7469838,-4.1682656204058895e-07
609.0996323,-6.236840955673293e-07
609.4522378,-1.035780499765721e-06
609.8048004,-9.268276670445026e-07
610.1573199,-7.965886133122365e-07
610.5097963,-8.501466489782267e-07
610.8622297,-5.971394602292894e-07
611.2146199,-6.552641887488464e-07
611.5669671,-5.235498598999231e-07
611.9192712,-5.376840570451503e-07
612.2715322,-6.877685896362131e-07
612.62375,-5.534222881560159e-07
612.9759246,-8.340505961608181e-07
613.3280561,-5.777751526773986e-07
613.6801444,-5.209217706128702e-07
614.0321895,-6.877615704658575e-07
614.3841914,-2.229583729921616e-06
614.7361501,-5.788624877501809e-07
615.0880655,-1.1363118602726138e-06
615.4399376,2.577698234469246e-05
615.7917665,-2.9187065390141e-06
616.143552,-2.629222117516831e-06
616.4952943,2.573109628190586e-06
616.8469933,-1.5553834828911811e-06
617.1986489,-6.430935199308465e-07
617.5502611,-5.315206264299155e-07
617.90183,-8.153244408121273e-07
618.2533555,-8.643729568806671e-07
618.6048376,-2.2500329353449323e-06
618.9562763,-2.397814610029999e-06
619.3076716,-1.7017190942270357e-05
619.6590234,-8.387683445454774e-07
620.0103318,-9.946307157400096e-07
620.3615967,-1.0013064929842359e-06
620.7128181,-1.4759032413364016e-06
621.063996,-7.322681023194483e-07
621.4151304,-7.39801323229348e-07
621.7662213,-7.084239772242013e-07
622.1172686,-6.322701446362462e-07
622.4682724,-5.592590818769913e-07
622.8192325,-8.1315610721171e-07
623.1701491,-1.3500756752551953e-06
623.5210221,-8.705601991918089e-07
623.8718515,-1.357008303631294e-06
624.2226372,-1.8424118148377594e-06
624.5733792,-7.292820360726481e-07
624.9240776,-5.614092441351197e-07
625.2747323,-5.833121266994191e-07
625.6253434,-5.018748086364986e-07
625.9759107,-5.510266051263937e-07
626.3264342,-1.2147319486977367e-06
626.6769141,-9.156309785802998e-07
627.0273501,-7.838498191203542e-07
627.3777424,-6.87380763580148e-07
627.728091,-6.152919742002995e-07
628.0783957,-4.1445196738630107e-07
628.4286566,-4.4408406409737185e-07
628.7788736,-6.116930295813219e-07
629.1290468,-6.298478744394435e-07
629.4791762,-1.0685269664004702e-06
629.8292616,-1.6822654049544397e-06
630.1793032,4.579638248704024e-06
630.5293009,-1.3639162593679036e-05
630.8792546,2.1350084452926898e-05
631.2291644,-2.0556278474892574e-06
631.5790303,-2.1040332131368096e-06
631.9288522,-1.0782899279530073e-06
632.2786301,-7.178622113465132e-07
632.628364,-8.42665589967832e-07
632.9780539,-8.892899911655095e-07
633.3276997,-1.2587219276024369e-06
633.6773015,-1.1598038873122736e-06
634.0268593,-3.7469755297713683e-06
634.376373,-1.5191864881652774e-06
634.7258426,-2.0532323689157805e-06
635.075268,-1.3251395819159807e-06
635.4246494,-1.5001677376873908e-06
635.7739867,-2.0288459402463254e-06
636.1232797,-3.326941827298098e-06
636.4725287,-2.573390712585636e-06
636.8217334,-3.50269200706753e-06
637.170894,4.029805682546603e-05
637.5200103,-1.0276830527495926e-05
637.8690824,2.9698743493173466e-06
638.2181103,-5.30717295954955e-06
638.5670939,-2.118815367723562e-06
638.9160333,-1.5574023409022749e-06
639.2649283,-3.935818819057387e-06
639.6137791,-2.3761000248479538e-06
639.9625856,4.584975900132722e-06
640.3113477,2.4154904991731733e-06
640.6600655,2.274676767080957e-06
641.0087389,-1.3186219794284915e-05
641.3573679,2.2907374247733745e-05
641.7059526,-1.357107884592191e-06
642.0544928,-1.034760182267768e-06
642.4029887,-1.178460355927102e-06
642.7514401,-8.778054671245753e-07
643.099847,-9.282946645902074e-07
643.4482095,-2.0967487930243336e-06
643.7965275,3.377496900722426e-05
644.144801,-6.40972576781067e-06
644.49303,1.4650162445132954e-05
644.8412145,-3.1155381495270657e-06
645.1893544,-1.9196443445562852e-06
645.5374498,-1.8227349596522804e-06
645.8855006,-1.7956759744445726e-06
646.2335068,-2.572026380625342e-06
646.5814684,-5.476182028377182e-06
646.9293854,9.752848609808511e-06
647.2772578,6.948687345908893e-06
647.6250855,8.459614826363244e-06
647.9728686,-2.6432800386044314e-05
648.320607,-6.310376718865621e-06
648.6683007,-2.7949122515587133e-06
649.0159497,-3.600226442015974e-06
649.363554,-8.35803676582413e-06
649.7111135,-7.5724134111021625e-06
650.0586283,-1.0266289121629244e-05
650.4060983,2.7537068290921454e-06
650.7535236,4.388514817467743e-06
651.100904,-0.0003259278991571061
651.4482397,3.7430794280885354e-06
651.7955305,2.9624539714900463e-06
652.1427764,-4.199357622410253e-06
652.4899776,-2.5941489700032635e-06
652.8371338,-3.4570558532125207e-06
653.1842452,-9.904885227603437e-07
653.5313116,-1.5343474635229998e-06
653.8783331,-2.306846272210249e-06
654.2253097,-5.8548219201105905e-06
654.5722414,-3.1607270250332005e-06
654.9191281,1.980155934574745e-06
655.2659698,3.6836545933067093e-06
655.6127666,6.812634478998724e-06
655.9595183,4.50240584505554e-06
656.306225,3.443134145191567e-06
656.6528867,3.2186543029044646e-06
656.9995033,-4.07243300506427e-06
657.3460748,-3.4922601390770105e-06
657.6926013,-1.9226449075775197e-06
658.0390827,-2.8098158539321818e-06
658.3855189,-1.5243066818770179e-06
658.73191,1.095700003575905e-05
659.078256,3.476152816484489e-06
659.4245569,1.2710946874043904e-05
659.7708125,1.7232120178452446e-05
660.117023,4.8410760736491525e-06
660.4631883,7.6735336442933e-06
660.8093083,-4.749316476790957e-05
661.1553831,5.423670732930431e-06
661.5014127,-2.812390863515879e-05
661.847397,-4.4894618929229985e-06
662.1933361,-3.213507984108441e-06
662.5392298,-5.88128258819429e-06
662.8850782,-6.322625803140247e-06
663.2308813,-5.131401721162053e-06
663.5766391,-3.019730583855143e-06
663.9223515,-1.6596582645895205e-06
664.2680186,-1.648303091799728e-06
664.6136403,-1.1830051942949531e-06
664.9592165,-1.926579544651275e-06
665.3047474,-9.098816339761177e-06
665.6502328,6.164054845134748e-06
665.9956728,3.1668941052656e-06
666.3410674,1.8393738656552375e-06
666.6864164,2.321181044363342e-06
667.03172,6.837892188335538e-06
667.3769781,1.3047453018373163e-05
667.7221906,-5.9912962974135225e-06
668.0673576,-4.40095166470986e-06
668.4124791,-1.611016918072006e-06
668.757555,-1.5459039591470222e-06
669.1025853,-1.2143136102863196e-06
669.4475701,-1.00315129554367e-06
669.7925092,-9.973424353128125e-07
670.1374027,-1.9393883706685898e-06
670.4822506,-2.567551534548453e-06
670.8270528,-2.244499603704479e-06
671.1718093,-3.1228591353352365e-06
671.5165202,-4.192526652690166e-06
671.8611853,-2.8713706780547373e-06
672.2058048,-3.0432072307355733e-06
672.5503785,-5.889559102413451e-06
672.8949065,0.0005757468597139379
673.2393887,-1.3223378868039076e-05
673.5838252,-1.2379146006563212e-05
673.9282158,-8.480233229046373e-06
674.2725607,-8.495588505285256e-06
674.6168597,-3.0876431365724622e-06
674.9611129,-1.9177778146386695e-06
675.3053202,-3.152236736702059e-06
675.6494817,-6.407496132842049e-06
675.9935973,-3.953517145965321e-06
676.337667,-4.521676720688184e-06
676.6816908,-0.0001505667148662289
677.0256687,-4.100745118792231e-06
677.3696007,-2.755583252802648e-06
677.7134866,-4.561803106873155e-06
678.0573267,5.1386209739106026e-05
678.4011207,5.731148072868848e-06
678.7448687,7.525681166255577e-06
679.0885707,6.640102117970662e-06
679.4322267,5.373724472657894e-06
679.7758367,-1.068420238103855e-05
680.1194006,8.746114809444718e-05
680.4629184,-0.00015283202467853037
680.8063901,-7.621180487352334e-06
681.1498157,-5.147828195183532e-06
681.4931952,4.307932511869829e-06
681.8365286,-1.4973813736716904e-05
682.1798158,-5.544846394277923e-06
682.5230568,-4.930908920928363e-06
682.8662517,-1.0075735328962641e-05
683.2094003,-2.3374245952006437e-06
683.5525028,-2.370251632446158e-06
683.895559,-5.677441984024691e-06
684.238569,-0.00011497425865088839
684.5815328,-6.0421865099674815e-06
684.9244502,-4.823910326683706e-06
685.2673214,-7.015267770342756e-06
685.6101463,-3.0042813931762975e-06
685.9529249,-2.783103025008129e-06
686.2956571,-3.4830044194603836e-06
686.638343,-2.5930906127160266e-06
686.9809826,-1.8788984603775173e-06
687.3235757,-3.029209237435064e-06
687.6661225,-2.3267354548579357e-06
688.0086228,-3.6375451514651912e-06
688.3510768,-4.252074380113196e-06
688.6934843,-6.273899138790127e-06
689.0358453,-1.2270440122756038e-05
689.3781599,-3.8087343054273026e-06
689.720428,-2.0547186921054095e-06
690.0626497,-3.975618044493586e-06
690.4048248,-8.426365171082797e-06
690.7469533,-2.4896459236893024e-06
691.0890354,-1.0879389686629743e-05
691.4310708,5.84074509464018e-06
691.7730597,4.953644710494397e-06
692.1150021,1.0606550860370844e-05
692.4568978,6.422504671886826e-06
692.7987469,6.434916540197504e-06
693.1405494,-1.7965435602640908e-05
693.4823052,-9.295696643259218e-06
693.8240144,-3.6048642034706334e-06
694.1656768,-3.705387822207357e-06
694.5072926,-2.317208600297766e-06
694.8488617,-1.9586563845275357e-06
695.1903841,-1.489696148147588e-06
695.5318597,-1.938790842553018e-06
695.8732886,-1.842768207994996e-06
696.2146707,-2.1515585458661638e-06
696.5560061,-2.9759786124989307e-06
696.8972946,-4.121106358999541e-06
697.2385363,-5.428025346439162e-06
697.5797312,9.132741625146794e-06
697.9208793,1.3839252662392838e-05
698.2619805,-5.664060574003639e-06
698.6030348,-3.726501328249657e-05
698.9440422,-2.463351270722787e-05
699.2850028,-5.482298394868485e-06
699.6259164,-4.623820040627587e-06
699.9667831,-4.442520327797854e-06
700.3076028,-2.560758339684808e-06
700.6483756,-2.6939699174234885e-06
700.9891014,-2.57628947617469e-06
701.3297802,-5.71054311634251e-06
701.670412,-1.5523340265676868e-05
702.0109968,2.9046187907855362e-05
702.3515346,-9.612060410245303e-06
702.6920252,-1.1952685256749682e-05
703.0324689,-8.89992407364467e-06
703.3728654,-3.5860469562334686e-05
703.7132148,-3.756859175413551e-06
704.0535172,-5.778065611712391e-06
704.3937724,-3.3834633038831062e-06
704.7339804,-2.632035147984504e-06
705.0741413,-1.7718855133589615e-06
705.4142551,-3.6581431180446023e-06
705.7543216,-7.995049362800608e-06
706.094341,1.0922304947263104e-05
706.4343131,4.129454399770744e-06
706.774238,2.1492493607174844e-06
707.1141156,2.600186625709373e-06
707.453946,2.828347923216479e-06
707.7937291,5.6239043329892495e-06
708.1334649,-7.063265948043467e-06
708.4731534,-5.3853396338669865e-06
708.8127946,-7.322074092751562e-06
709.1523884,-4.622716820815668e-06
709.4919349,0.00013742054889843468
709.831434,3.44361719627587e-06
710.1708857,2.7721331798228462e-06
710.5102901,2.8454823295548645e-06
710.849647,2.241236633975074e-06
711.1889565,3.1006340228760976e-06
711.5282185,4.766433294391143e-06
711.8674331,3.4024375224318066e-06
712.2066002,8.189294482905704e-06
712.5457198,1.780422890317917e-05
712.884792,-1.7641442731211656e-05
713.2238166,-1.907673308564227e-05
713.5627936,-0.0003035449454372935
713.9017231,4.849639586230689e-06
714.2406051,5.337565568638213e-06
714.5794395,4.438774034594079e-06
714.9182263,8.36106320219649e-06
715.2569654,-6.302719022475437e-06
715.595657,-5.307995594269944e-06
715.9343009,-3.5931959381628764e-06
716.2728972,-2.4049392895042562e-06
716.6114457,-2.8992980960702866e-06
716.9499467,-3.5426033944789747e-06
717.2883999,-6.750183085380362e-06
717.6268053,-5.890771754698787e-05
717.9651631,3.559916698538899e-06
718.3034731,2.391571746122379e-06
718.6417354,2.2197203613423264e-06
718.9799499,3.5911083724328238e-06
719.3181166,3.431073151420763e-06
719.6562354,6.627585730450598e-06
719.9943065,-1.7918584107185905e-05
720.3323297,-4.066586182162553e-05
720.6703051,0.0003855701769668062
721.0082326,3.380155988197559e-05
721.3461123,9.932473974554796e-06
721.683944,5.040190771645903e-06
722.0217279,7.75899003562668e-06
722.3594638,-8.461590233616997e-06
722.6971517,-1.554355682856694e-05
723.0347918,-3.024135299940601e-06
723.3723838,-2.76102576830212e-06
723.7099279,-3.4570879777009814e-06
724.0474239,1.5846742617983858e-05
724.384872,1.312341303129602e-05
724.722272,4.107797253079738e-06
725.0596239,3.30078954322228e-06
725.3969278,3.6745591865641166e-06
725.7341837,5.7990206378925475e-06
726.0713914,-5.4326708390295075e-06
726.4085511,-6.272670863350631e-06
726.7456626,-2.556831213081964e-06
727.082726,-2.4470502847790568e-06
727.4197412,-2.022022851843525e-06
727.7567082,-5.332204931061622e-06
728.0936271,-3.730542394715487e-06
728.4304978,-4.630026150747225e-06
728.7673203,-3.774348395849922e-06
729.1040945,-2.796746815310272e-06
729.4408206,-2.367838712951383e-06
729.7774983,-2.4051520325961553e-06
730.1141278,-5.022911000044102e-06
730.450709,-4.2606424655193495e-06
730.7872419,-9.440815146002612e-06
731.1237265,1.3479042408975729e-05
731.4601627,5.1466693242572425e-06
731.7965506,6.551324841991054e-06
732.1328902,4.018269446445088e-06
732.4691813,2.4900939217762874e-06
732.8054241,5.44261649548407e-06
733.1416185,4.724758883841384e-06
733.4777644,4.206327980581078e-06
733.8138619,4.378866324346727e-06
734.149911,-8.479068554051163e-05
734.4859116,9.746275295036787e-06
734.8218637,9.600737320906949e-06
735.1577673,1.2870733346617484e-05
735.4936224,-0.00022057384817919453
735.829429,6.110886756497785e-05
736.165187,3.502439140235186e-05
736.5008965,-1.1168532159296149e-05
736.8365574,2.1877317716146663e-05
737.1721697,1.0272523553668627e-05
737.5077334,5.723023327711415e-06
737.8432485,-1.0816352231789576e-05
738.178715,-1.1951019302632358e-05
738.5141328,-5.4174263035164066e-06
738.849502,-6.243172902685259e-06
739.1848224,-4.451529492823882e-06
739.5200942,-3.1408369328132904e-05
739.8553173,-0.00021904704921833028
740.1904917,3.2216128760504786e-05
740.5256173,2.53712741000878e-05
740.8606942,-1.9940731826149426e-05
741.1957223,-3.777531206841223e-05
741.5307016,-4.686256460219063e-05
741.8656321,2.560520210041235e-05
742.2005138,1.5205759369525227e-05
742.5353467,3.7354832419818803e-06
742.8701307,5.39084017291607e-06
743.2048659,5.1712598429819955e-06
743.5395522,8.828051646437116e-06
743.8741896,7.432000978935173e-06
744.2087782,2.068338160206033e-05
744.5433178,3.512823945536909e-05
744.8778084,2.1485481867894573e-05
745.2122501,-0.0008582407019033987
745.5466429,0.002142965337050668
745.8809867,-1.2051526829083786e-05
746.2152815,7.39428916896879e-05
746.5495272,-6.8391135238905005e-06
746.883724,-9.650370727327955e-06
747.2178717,-4.8248607451402386e-06
747.5519704,3.369360942343679e-05
747.88602,1.9138991120268378e-05
748.2200205,8.233181707551543e-06
748.5539719,-8.08776647028113e-05
748.8878742,4.672199461933685e-05
749.2217274,-4.33675043760223e-06
749.5555314,-4.010817866780419e-06
749.8892863,-4.512802135370676e-06
750.2229919,-5.467653860376601e-06
750.5566485,-1.2385851845359007e-05
750.8902558,-1.4423329576326653e-05
751.2238138,-1.0407750860545356e-05
751.5573227,-9.494578262225668e-06
751.8907823,-1.0637662332797479e-05
752.2241926,-7.432019726185127e-06
752.5575537,9.625482760525898e-06
752.8908655,1.4758957115488454e-05
753.2241279,1.3277114668294347e-05
753.557341,7.537511402318734e-06
753.8905048,2.280311796533171e-05
754.2236193,-5.781053672357653e-06
754.5566843,-5.45108253580975e-06
754.8897,-4.780281109482928e-06
755.2226663,-2.794067519418356e-06
755.5555832,-3.862786186328624e-06
755.8884506,-5.547514155932321e-06
756.2212686,-5.756381585885874e-06
756.5540372,-6.5146714591669735e-06
756.8867562,-3.027124542070054e-05
757.2194258,-3.0370191024874357e-05
757.5520459,-8.198116449984106e-06
757.8846164,-3.711754572933623e-06
758.2171374,-4.1889309853205375e-06
758.5496089,-4.804675131613619e-06
758.8820308,-3.520094930527503e-06
759.2144031,-4.895217720872932e-06
759.5467259,0.00020421474333717063
759.878999,5.044549828907791e-05
760.2112225,8.575091872670968e-06
760.5433963,4.700571902703499e-06
760.8755205,1.3226692917929008e-05
761.207595,1.7317067425322982e-05
761.5396199,-2.7026539370352972e-05
761.871595,-4.681254510923976e-06
762.2035205,-4.076951496824317e-06
762.5353962,-2.6358303850535e-05
762.8672221,-1.2683298952854698e-05
763.1989983,0.0001116191334291534
763.5307247,6.177906206000594e-05
763.8624013,-2.7585970647990895e-05
764.1940282,-8.962278387650338e-06
764.5256052,-7.953721418744799e-06
764.8571323,-2.5780423459633746e-05
765.1886096,-2.3328034076684763e-05
765.5200371,-5.451893699714557e-05
765.8514147,3.444051143564562e-05
766.1827423,6.018907458042782e-06
766.5140201,8.234500982819175e-06
766.8452479,8.879521921500858e-06
767.1764258,5.77816836227697e-05
767.5075538,2.596401164842567e-05
767.8386317,-7.5485796329579645e-06
768.1696597,-7.405622505244436e-06
768.5006377,-1.0812244122731605e-05
768.8315657,-4.024081576526841e-05
769.1624436,-1.5972745601226815e-05
769.4932715,1.2291968964723758e-05
769.8240493,1.782417213559574e-05
770.1547771,1.5888285964103845e-05
770.4854547,1.158451004987274e-05
770.8160823,1.0144126460982509e-05
771.1466597,2.3960525260506505e-05
771.477187,2.2512704833623992e-05
771.8076642,2.1228881812918608e-05
772.1380911,6.724889417443508e-06
772.4684679,2.2599156638076677e-05
772.7987945,0.0003190844701986439
773.1290709,1.1961751378975638e-05
773.4592971,2.4341463765325174e-05
773.789473,-7.454739871100525e-05
774.1195987,1.8850490423885663e-05
774.449674,0.00014396805791865264
774.7796992,-6.025903007380709e-06
775.109674,-8.750673633947986e-06
775.4395984,-5.207934156278963e-06
775.7694726,-6.118945506965517e-06
776.0992964,-6.129702652893201e-06
776.4290698,-2.800718079523887e-05
776.7587929,0.000229691290093567
777.0884656,5.280537862562098e-05
777.4180879,2.0750598555732034e-05
777.7476597,1.1559744003942841e-05
778.0771811,4.669219380029896e-05
778.4066521,-2.237566550528033e-05
778.7360726,-2.3856125247053312e-05
779.0654426,-1.908656085050774e-05
779.3947621,-1.8212484950597262e-05
779.7240311,-1.3421330587600046e-05
780.0532496,-1.1437508727430156e-05
780.3824175,-4.011209868799715e-06
780.7115348,-4.040156225715945e-06
781.0406016,-6.0585650762628875e-06
781.3696179,-9.079901739531612e-06
781.6985835,-1.2699864438559384e-05
782.0274985,2.3959241727470725e-05
782.3563628,0.0001807406130234354
782.6851765,1.264913783876885e-05
783.0139396,9.114551484718246e-06
783.3426519,7.616548592702106e-06
783.6713136,1.939778153409135e-05
783.9999246,2.4286659695545323e-05
784.3284848,1.6973858637648034e-05
784.6569943,1.1021278855196568e-05
784.9854531,6.382169966363857e-06
785.3138611,4.34715847398941e-06
785.6422183,4.14841952518151e-06
785.9705247,2.8021520863626767e-05
786.2987803,-1.8502024925866323e-05
786.626985,-7.79435540798454e-06
786.9551389,-9.050712665136065e-06
787.283242,-6.995556346898633e-06
787.6112942,-7.466948767492681e-06
787.9392955,-5.517028541386906e-06
788.2672459,-5.60451920368316e-06
788.5951453,-5.49921550431916e-06
788.9229939,-1.0321194256488523e-05
789.2507915,-4.2758823885866336e-05
789.5785381,-1.496948571785539e-05
789.9062338,-7.774547140032576e-06
790.2338784,-4.519611783137563e-06
790.5614721,-2.9797144752690385e-06
790.8890147,-2.7429861071141236e-06
791.2165063,-3.3066577712704816e-06
791.5439468,-3.543445045770762e-06
791.8713363,-1.7433420894762403e-05
792.1986746,-1.3656073426121292e-05
792.5259619,-8.370929899515074e-06
792.8531981,-8.300275161289446e-06
793.1803831,-9.920640012517426e-06
793.507517,-4.819669990502328e-06
793.8345997,-4.691360523188417e-06
794.1616313,-5.589714084468268e-06
794.4886117,-7.4713466373573205e-06
794.8155408,-8.566849946255984e-06
795.1424188,-6.25488659066085e-06
795.4692455,-0.00010652736426611255
795.7960209,3.934498380622233e-05
796.1227451,2.1330298578702806e-05
796.449418,-2.9005822040627962e-05
796.7760397,-1.5564333730309855e-05
797.10261,-1.7190288470772124e-05
797.429129,-3.13390068182299e-05
797.7555966,-5.002902040397628e-05
798.0820129,1.1694122588488257e-05
798.4083778,5.591569643759884e-06
798.7346914,7.4815435842503795e-06
799.0609535,7.36448909819965e-06
799.3871642,5.337716358998584e-06
799.7133235,8.013091604174495e-06
800.0394314,7.88253486075791e-06
800.3654877,9.074992419161594e-06
800.6914926,7.637970427151727e-06
801.0174461,1.3814458651618714e-05
801.343348,1.4083455251397814e-05
801.6691984,1.7913251705944498e-05
801.9949972,1.2318682465007031e-05
802.3207445,1.3095509912184462e-05
802.6464403,1.03190509833855e-05
802.9720845,8.353897672834816e-06
803.297677,1.1925711510704658e-05
803.623218,1.2291211106464146e-05
803.9487073,1.4093501357114787e-05
804.274145,0.00014313083702477655
804.599531,1.1552292010033867e-05
804.9248654,2.0410695015973555e-05
805.2501481,7.805385956324291e-06
805.575379,9.705064544104652e-06
805.9005583,9.618033985699917e-06
806.2256858,1.3425202197028405e-05
806.5507616,9.259438253517214e-06
806.8757856,7.94856110729224e-05
807.2007579,-1.3602821418764634e-05
807.5256783,-5.3548428762777706e-05
807.850547,3.5454152972077154e-05
808.1753638,1.0080114170022613e-05
808.5001288,1.0702646225574512e-05
808.824842,5.976639786133123e-06
809.1495032,8.217837994394194e-06
809.4741126,2.7359231198911504e-05
809.7986701,-4.412048320538625e-05
810.1231757,1.4034639775171368e-05
810.4476294,1.5242256927749003e-05
810.7720311,2.1785742932868063e-05
811.0963808,1.5556187695610446e-05
811.4206786,9.601302697782059e-06
811.7449244,-2.1070817560152996e-05
812.0691182,-0.00016005642442142864
812.39326,9.15248529484829e-05
812.7173498,-1.2719701946066888e-05
813.0413875,-1.2085791222318228e-05
813.3653731,0.00015352101134173145
813.6893067,1.4972523364313323e-05
814.0131882,1.1212809314464805e-05
814.3370175,5.2489405525105605e-06
814.6607948,7.66941446490724e-06
814.9845199,7.619203590510269e-06
815.3081928,0.0001526889774142831
815.6318136,1.4253482181803322e-05
815.9553822,4.4648398087994206e-05
816.2788986,2.4821924089819793e-05
816.6023628,1.1549515940513556e-05
816.9257748,2.1052383359587274e-05
817.2491345,-1.76831445226971e-05
817.572442,-1.7723734827414696e-05
817.8956972,0.005648586614252366
818.2189001,-1.847524007590931e-05
818.5420507,-3.0149244868897324e-05
818.865149,-7.49441601929923e-05
819.1881949,-1.0608468840385634e-05
819.5111886,-1.0631140021556184e-05
819.8341298,-4.283644978049534e-06
820.1570187,-6.178884908327144e-06
820.4798551,-4.716941804907395e-06
820.8026392,-5.864839949586462e-06
821.1253709,-6.05816067764302e-06
821.4480501,-5.449133834762843e-05
821.7706768,-1.462537026934602e-05
822.0932511,-3.274664168131801e-05
822.4157729,5.437990563186819e-05
822.7382422,1.0238919552432848e-05
823.060659,1.1858582259034772e-05
823.3830232,8.081945665021816e-06
823.705335,8.030044171595094e-06
824.0275941,5.0017187501660205e-06
824.3498007,9.719592995905714e-06
824.6719547,1.2570159535804734e-05
824.9940561,9.315097278325194e-06
825.3161049,6.128136295138714e-06
825.638101,1.3699472059795857e-05
825.9600445,1.2074061648941115e-05
826.2819353,1.3210638111223816e-05
826.6037735,7.13754738759799e-05
826.925559,-1.7136856340753604e-05
827.2472917,5.566941132642777e-05
827.5689717,-0.00017298793964986073
827.890599,2.1977316441638175e-05
828.2121735,3.0636958494670775e-05
828.5336953,2.8934894792781978e-05
828.8551643,-1.3102356426664708e-05
829.1765805,-7.053139576005634e-06
829.4979438,-5.723127002752185e-06
829.8192544,-6.4546815380819385e-06
830.1405121,-9.101981183458381e-06
830.4617169,-9.814835975585142e-06
830.7828689,5.656967023977292e-05
831.1039679,-4.157678891062715e-05
831.4250141,7.838590282401635e-05
831.7460073,-2.1205006842072337e-05
832.0669476,1.5220833721589923e-05
832.387835,1.645404766665965e-05
832.7086694,9.894421460998653e-06
833.0294508,7.331438287135616e-06
833.3501793,4.720937595300271e-06
833.6708547,6.741400193751827e-06
833.9914771,8.867376182942737e-06
834.3120464,1.378354458527263e-05
834.6325627,-0.00013369261110638347
834.9530259,0.00011536945429448715
835.2734361,1.3512601346014017e-05
835.5937931,9.77977708884359e-06
835.914097,1.578225293491674e-05
836.2343478,1.0287166945901048e-05
836.5545455,2.8640364642513836e-05
836.87469,-4.655430270690683e-05
837.1947813,-7.68797432609309e-05
837.5148194,1.6400660682639042e-05
837.8348043,1.8731959550616943e-05
838.154736,2.181467808128879e-05
838.4746145,-0.0005816819024601944
838.7944397,-1.0348900288330644e-05
839.1142116,-1.0782503741728389e-05
839.4339303,-8.998758321217212e-06
839.7535957,-6.076644556442892e-06
840.0732077,-8.208719798694038e-06
840.3927665,-2.1769778481917125e-05
840.7122719,-1.3777088763626861e-05
841.0317239,-0.0006153379701048624
841.3511226,1.2794592200615143e-05
841.6704679,2.8596267519010432e-05
841.9897597,3.198317235865491e-05
842.3089982,7.718759404757214e-05
842.6281832,-1.547542298319022e-05
842.9473148,-1.528384857205773e-05
843.266393,-2.8277963574405708e-05
843.5854176,-8.289470205291613e-06
843.9043888,-1.1044394219360651e-05
844.2233064,-1.2571504496695606e-05
844.5421706,-1.3688296870695483e-05
844.8609812,-7.451165091960383e-05
845.1797382,2.635744297404531e-05
845.4984417,9.343645997026142e-06
845.8170916,6.4405781522239286e-06
846.1356879,5.7541481103810335e-06
846.4542306,6.858664821707319e-06
846.7727197,6.998687688054343e-06
847.0911551,1.2182526817719565e-05
847.4095368,1.6737716066874987e-05
847.7278649,2.1192379589457973e-05
848.0461393,2.046004839326439e-05
848.3643601,2.126574442645713e-05
848.682527,4.022730536820176e-05
849.0006403,-4.737598223356474e-05
849.3186998,2.9718327830554352e-05
849.6367056,5.12612653337284e-05
849.9546575,1.99063488427366e-05
850.2725557,1.777139112760164e-05
850.5904001,7.223664869456885e-06
850.9081906,1.0687032358071862e-05
851.2259274,4.7597245843412385e-05
851.5436102,4.581361877737456e-05
851.8612392,1.4949115813381661e-05
852.1788143,2.453767428641395e-05
852.4963356,5.764755648716031e-05
852.8138029,6.937239903945461e-06
853.1312162,5.892979722081619e-06
853.4485757,9.727765614046758e-06
853.7658811,0.00043013319293629294
854.0831326,0.0004357997054205385
854.4003302,-1.3725911919303125e-05
854.7174737,-9.67230641641932e-06
855.0345632,-4.926496018531256e-05
855.3515986,2.3066463180831802e-05
855.6685801,1.636988792020219e-05
855.9855074,9.379526394919022e-06
856.3023807,1.6424289786211382e-05
856.6191999,3.5790961057984816e-05
856.935965,5.602101064323156e-05
857.2526759,-2.5510443408165587e-05
857.5693327,-1.3024708257867667e-05
857.8859354,-3.344247761334114e-05
858.2024839,-1.9731426014161276e-05
858.5189782,0.00016804462240837728
858.8354183,2.4519494717924043e-05
859.1518042,3.167872842094342e-05
859.4681359,1.4734645378892533e-05
859.7844133,9.61447208864302e-06
860.1006365,1.0286466774526374e-05
860.4168054,1.4141681777812544e-05
860.73292,1.4330901104500904e-05
861.0489803,2.139450661968544e-05
861.3649863,3.128750076002525e-05
861.6809379,-5.6098843665839796e-05
861.9968352,3.147085433719396e-05
862.3126782,3.617085202048982e-05
862.6284667,6.148444955158425e-05
862.9442009,0.00012284517227181702
863.2598807,6.182649606353e-05
863.575506,3.535519994220188e-05
863.8910769,6.868998394596537e-05
864.2065933,-5.959765639697698e-05
864.5220553,-1.955020063062613e-05
864.8374628,-0.0002567809558924762
865.1528158,-2.0253270029871907e-05
865.4681143,-1.4450380461610139e-05
865.7833582,-2.6254807830106804e-05
866.0985476,-0.00012623810530617524
866.4136825,-9.719753669834188e-05
866.7287627,5.267387433143187e-05
867.0437884,2.185427517389574e-05
867.3587595,1.0944490914251547e-05
867.673676,8.257795802129907e-06
867.9885378,1.399395440471295e-05
868.303345,1.555428173247211e-05
868.6180975,1.1941526179331304e-05
868.9327953,-0.0014328243508074264
869.2474384,3.1507652499858244e-05
869.5620269,1.1830259768004514e-05
869.8765606,-0.0010005690585018357
870.1910395,1.964136903059947e-05
870.5054637,9.12438177689715e-06
870.8198332,1.3345280677172519e-05
871.1341478,0.0002537183764955598
871.4484077,1.7780245190942496e-05
871.7626127,1.913983771013631e-05
872.0767629,6.20704957392279e-05
872.3908583,1.6130905302641828e-05
872.7048988,8.612633482649626e-06
873.0188844,1.1710656502944468e-05
873.3328152,1.8748650677085882e-05
873.646691,1.729350081272947e-05
873.9605119,-4.011806747994499e-05
874.2742779,-2.406738206627804e-05
874.5879889,6.269015557793699e-05
874.901645,7.324665586433563e-05
875.215246,1.9222026008031706e-05
875.5287921,9.779050473145983e-06
875.8422832,1.2452154981787866e-05
876.1557193,1.4829513389372506e-05
876.4691003,2.5696398953425027e-05
876.7824262,-2.4859986423303724e-05
877.0956971,-1.0584679721532393e-05
877.4089129,-1.0048353942902887e-05
877.7220736,-1.0065698815874124e-05
878.0351792,-1.3932745815208462e-05
878.3482296,-3.5661382595977065e-05
878.6612249,6.751131842640911e-05
878.9741651,8.420261573691248e-05
879.2870501,1.858299501054269e-05
879.5998798,1.4013026675821907e-05
879.9126544,1.864593338760307e-05
880.2253737,3.323438721540946e-05
880.5380379,1.647690167881548e-05
880.8506467,1.8771848983508048e-05
881.1632003,-3.520477236327667e-05
881.4756986,3.193769188762606e-05
881.7881417,1.390296628938863e-05
882.1005294,7.226735855454364e-05
882.4128617,-2.3876873581985755e-05
882.7251388,7.633568347993341e-05
883.0373605,5.315807998006437e-05
883.3495268,-3.9786643935022303e-05
883.6616377,-0.00014065698584942427
883.9736932,1.5122922210788058e-05
884.2856933,1.4828668660106789e-05
884.597638,1.2807475489371548e-05
884.9095272,8.376807368772932e-06
885.221361,6.3998605417845815e-06
885.5331393,1.2870291291585898e-05
885.8448621,1.9489407221626936e-05
886.1565294,-3.0120912787074308e-05
886.4681412,-1.3219920478280081e-05
886.7796974,-1.324503952813178e-05
887.0911981,-2.0292644471524963e-05
887.4026432,0.00019784288112293597
887.7140327,1.36386526679124e-05
888.0253667,1.7328185961247585e-05
888.336645,2.5419152374271107e-05
888.6478677,9.769785106318337e-06
888.9590347,1.2003638395655338e-05
889.2701461,2.103258041882165e-05
889.5812018,1.8600316918359514e-05
889.8922019,5.948442825832418e-05
890.2031462,-0.00011118758977893944
890.5140348,-4.6608321489194795e-05
890.8248677,2.7192428056317497e-05
891.1356448,1.3755522239784511e-05
891.4463662,7.095573422314887e-06
891.7570318,8.052934072782394e-06
892.0676416,6.915537543393478e-06
892.3781956,1.5468971315814162e-05
892.6886938,3.7325545374102316e-05
892.9991361,-3.748058475806747e-05
893.3095226,-3.4858653575234396e-05
893.6198532,-1.7041413173866416e-05
893.9301279,-1.957019532675544e-05
894.2403468,-0.0003001926682611967
894.5505097,3.058830985293214e-05
894.8606167,1.6172015822835437e-05
895.1706677,1.6371761173287445e-05
895.4806628,1.4326942846873619e-05
895.7906019,1.5238347736964681e-05
896.1004851,3.891425057967575e-05
896.4103122,0.00018339656061830244
896.7200833,3.225154186652203e-05
897.0297984,1.5171719410036538e-05
897.3394574,-2.527273815339927e-05
897.6490604,-2.1944720508391684e-05
897.9586072,-2.5321274373605108e-05
898.268098,-1.6442299143828784e-05
898.5775327,-1.0939534935914712e-05
898.8869113,4.688075396158199e-05
899.1962337,1.4032230455787034e-05
899.5055,2.545257431905181e-05
899.8147101,2.8355767874702e-05
900.123864,1.795277726722289e-05
900.4329617,2.398946239977146e-05
900.7420032,2.1365334491863033e-05
901.0509885,5.843294893425563e-05
901.3599175,3.314371393387956e-05
901.6687902,0.0014594960485965836
901.9776067,-2.0722808839678427e-05
902.2863669,-1.5846475689562238e-05
902.5950708,-1.4947187873348503e-05
902.9037184,-1.7149195892645117e-05
903.2123097,-1.3452077349021442e-05
903.5208446,-1.6677946692664497e-05
903.8293231,-1.8076128889189334e-05
904.1377453,-2.5609409518732918e-05
904.446111,-2.5265279485468463e-05
904.7544204,-0.00014484462045407992
905.0626733,0.00014055722112669777
905.3708698,-0.00023045094741917753
905.6790098,6.035186347217089e-05
905.9870934,-2.2926256001874996e-05
906.2951204,-9.432784675255721e-06
906.603091,-1.0314586989668216e-05
906.9110051,-1.1291128435649385e-05
907.2188626,-1.1475810216977202e-05
907.5266636,-5.932762617738236e-05
907.834408,2.1355207852524554e-05
908.1420959,4.221715960734101e-05
908.4497271,1.2768434607023901e-05
908.7573018,1.2306248411821175e-05
909.0648198,2.8839194373452148e-05
909.3722812,3.8524082222677884e-05
909.679686,7.686146065672751e-05
909.9870341,-0.0001493529815181258
910.2943255,6.248072954504459e-05
910.6015602,2.015297049963982e-05
910.9087382,4.298850014500128e-05
911.2158595,-0.00010945980516729771
911.522924,-4.704867888775858e-05
911.8299318,-2.1998462670188764e-05
912.1368828,-5.1635680080798964e-05
912.443777,-7.203549739737119e-05
912.7506144,3.455820698548707e-05
913.057395,-5.944723244065447e-05
913.3641188,-1.5727522714206917e-05
913.6707857,-8.888410922097073e-06
913.9773958,-9.405204065287982e-06
914.283949,-9.53231237986459e-06
914.5904453,-9.772770489068642e-06
914.8968847,-1.791894975842625e-05
915.2032672,-2.8130706708033622e-05
915.5095927,-1.8001690832047627e-05
915.8158613,-1.678947992030429e-05
916.1220729,-1.7170977927748227e-05
916.4282276,-2.183792974772312e-05
916.7343252,-1.095140788469874e-05
917.0403658,-1.586294813208977e-05
917.3463495,-2.685934266255266e-05
917.652276,-6.415187297842314e-05
917.9581455,-7.560515836791136e-05
918.263958,2.9690852581607952e-05
918.5697133,1.3712393748891724e-05
918.8754116,1.0428469230670421e-05
919.1810527,8.941740865327113e-06
919.4866367,1.3068046272064203e-05
919.7921636,2.097544955453094e-05
920.0976333,-0.00013550244801383807
920.4030458,0.0002486323436508731
920.7084011,-2.219375203174711e-05
921.0136992,-8.799534737346378e-05
921.3189401,1.4780212314638768e-05
921.6241238,1.6459946235203096e-05
921.9292502,1.8193277138299855e-05
922.2343193,9.26515345775198e-06
922.5393312,1.3232856186043426e-05
922.8442858,0.00029545989069121146
923.149183,-8.893052051618783e-05
923.4540229,-4.357993613601353e-05
923.7588055,-4.069282826089379e-05
924.0635307,0.000870578122149163
924.3681986,-4.087179248173058e-05
924.672809,3.4576304442195536e-05
924.9773621,-3.333512868272416e-05
925.2818578,-2.8634273820313405e-05
925.586296,-2.619785621911161e-05
925.8906767,-4.520474469773696e-05
926.195,-1.3346363662880844e-05
926.4992659,-2.0676097254945965e-05
926.8034742,-1.8794133380159222e-05
927.107625,-2.1749850509483297e-05
927.4117183,-4.82083142969525e-05
927.7157541,2.5452845135267246e-05
928.0197323,1.8734946748614876e-05
928.3236529,3.222379536387023e-05
928.627516,-0.002048819045124801
928.9313215,0.00020246181577502658
929.2350693,-6.414738851320312e-05
929.5387595,-7.775213128907042e-05
929.8423921,-5.0314772709381763e-05
930.145967,-0.00010389845909910343
930.4494843,-2.0063982808494436e-05
930.7529438,-2.3077182833034993e-05
931.0563457,-1.4513375213889752e-05
931.3596898,-2.71938245623604e-05
931.6629762,-8.958002096832492e-05
931.9662049,-0.000628651593936794
932.2693758,-0.00031519170887517485
932.5724889,2.778724944844725e-05
932.8755442,1.6176445270299472e-05
933.1785417,2.8299259152968455e-05
933.4814814,1.2920127632308863e-05
933.7843633,1.7295890008329628e-05
934.0871872,3.282580071543743e-05
934.3899534,-4.785076809304728e-05
934.6926616,-7.386145449311749e-05
934.995312,-3.146643540693271e-05
935.2979044,0.0009228048664539228
935.6004389,2.562185343338341e-05
935.9029155,1.6460201331534386e-05
936.2053341,1.8738055733416775e-05
936.5076947,2.4162425778751215e-05
936.8099973,8.406429686574286e-05
937.1122419,-2.0648464457727994e-05
937.4144286,-1.1371396821218314e-05
937.7165571,-1.2028144179226838e-05
938.0186277,-1.2276994711257955e-05
938.3206401,-7.979541815721183e-06
938.6225945,-1.0645348140440649e-05
938.9244908,-1.5329981687533416e-05
939.226329,-1.6379156311027517e-05
939.528109,-1.8067489096268e-05
939.829831,0.00095567638519169
940.1314947,3.523831348163304e-05
940.4331003,0.00014089105578645806
940.7346477,5.996734489361842e-05
941.0361369,1.9851036696346784e-05
941.3375679,1.5179566558146148e-05
941.6389407,8.651987685369877e-05
941.9402552,2.3747957969500758e-05
942.2415115,2.3788875023027004e-05
942.5427095,0.00018127856935888152
942.8438492,-7.178197882546976e-05
943.1449306,6.468993081368282e-05
943.4459536,-3.534126461220255e-05
943.7469184,0.0002498854634827806
944.0478247,-8.104853621319623e-05
944.3486728,9.152517462961897e-05
944.6494624,-6.549666436624612e-05
944.9501936,2.739162901783447e-05
945.2508665,-2.6406358824506787e-05
945.5514809,-2.995470533226781e-05
945.8520369,-1.004548335753098e-05
946.1525344,-1.5358435398478557e-05
946.4529734,-1.7943820753782508e-05
946.753354,-5.861368543551121e-05
947.053676,1.509233656226186e-05
947.3539396,7.113038186223201e-06
947.6541446,6.2758992636332265e-06
947.954291,6.1904678225305186e-06
948.254379,6.334014759889204e-06
948.5544083,1.3962235632436275e-05
948.854379,2.911026425368085e-05
949.1542912,2.958435882910719e-05
949.4541447,6.095923084254073e-05
949.7539395,3.8491896107492187e-05
950.0536758,0.00017321998278336834
950.3533533,-0.00012342995525908786
950.6529722,-1.3906685062589962e-05
950.9525324,-1.2846597667737545e-05
951.2520339,-9.652117478152779e-06
951.5514766,-1.2330682882469703e-05
951.8508606,-1.1436474792683783e-05
952.1501858,-1.5576659312488226e-05
952.4494523,-1.3544486759528239e-05
952.74866,-2.2125321309109116e-05
953.0478089,-3.213512884646386e-05
953.346899,0.000127170911071623
953.6459302,-0.00018129115082734926
953.9449026,8.671986191275111e-05
954.2438161,3.8913025044063135e-05
954.5426708,2.457626223664021e-05
954.8414665,1.3386843566571483e-05
955.1402034,1.1715792566222029e-05
955.4388813,1.3893210860261259e-05
955.7375003,4.4395789725182334e-05
956.0360604,7.195239198254648e-05
956.3345615,-7.411954562548036e-05
956.6330036,-0.0005469956860557142
956.9313867,-0.0005482525568502344
957.2297107,2.4184333062921943e-05
957.5279758,2.0137707339276795e-05
957.8261818,1.6269901815889834e-05
958.1243288,2.3382736999922717e-05
958.4224167,2.419652748074247e-05
958.7204455,2.0927738728904967e-05
959.0184152,1.90662684419577e-05
959.3163258,3.144439351318957e-05
959.6141772,1.4844489886763175e-05
959.9119695,1.5386893084710475e-05
960.2097027,2.541642226039677e-05
960.5073766,2.29656151273881e-05
960.8049914,4.4676278694580336e-05
961.102547,6.134203771818568e-05
961.4000433,2.7209096610882956e-05
961.6974804,2.4721169109480928e-05
961.9948582,1.7188235265615595e-05
962.2921768,2.017241944042338e-05
962.5894361,2.1510057228198037e-05
962.8866361,7.627608869526736e-05
963.1837768,-3.913139560068411e-05
963.4808582,-1.2191220204279841e-05
963.7778802,-1.8016777785757053e-05
964.0748429,-1.291709231624312e-05
964.3717461,-1.83912673721802e-05
964.66859,-7.336574697190978e-05
964.9653745,-0.0001522199746875538
965.2620996,-6.945057196823751e-05
965.5587653,4.056045248141798e-05
965.8553715,1.6602576951737004e-05
966.1519182,1.8131181233219692e-05
966.4484054,1.728097280599981e-05
966.7448332,2.0329614285219562e-05
967.0412015,3.9148891115281566e-05
967.3375102,-4.670123288189799e-05
967.6337594,-1.851779248117243e-05
967.929949,-2.1827841139458523e-05
968.2260791,-3.3272486844148074e-05
968.5221496,-8.085361512447663e-05
968.8181604,-3.0597984484795056e-05
969.1141117,-0.00010949057732859481
969.4100034,0.0001258848000109646
969.7058354,4.5083446468895344e-05
970.0016077,5.624664185693135e-05
970.2973204,1.739877266137512e-05
970.5929733,1.9288266198039373e-05
970.8885666,2.803765037452166e-05
971.1841002,0.00010665802347085123
971.479574,-0.00011653282342532111
971.7749881,-7.578592072701661e-05
972.0703424,-6.298218528242196e-05
972.3656369,-0.00010779772839457199
972.6608716,-3.812490754644286e-05
972.9560466,-3.9989206436225305e-05
973.2511617,-1.713940799903928e-05
973.5462169,-1.5364213007228505e-05
973.8412123,-1.596845243295592e-05
974.1361479,-2.5754509607039284e-05
974.4310235,-6.137702656460927e-05
974.7258393,0.00017426999735780377
975.0205951,3.999172929776202e-05
975.315291,4.9890118142934026e-05
975.609927,0.03253841011914536
975.904503,-7.020143474028087e-05
976.199019,5.789710510481008e-05
976.493475,3.659609457478622e-05
976.7878711,4.3924995900361305e-05
977.0822071,1.5443265620634582e-05
977.3764831,1.6836844946969785e-05
977.670699,3.000579720822611e-05
977.9648549,5.0063701542101685e-05
978.2589506,2.8843198795145782e-05
978.5529863,6.781013833499797e-05
978.8469619,0.0002456775385719104
979.1408774,6.337669992178253e-05
979.4347327,4.4129176185582356e-05
979.7285278,4.646613667236281e-05
980.0222628,0.0001096193794540631
980.3159376,0.000539778868828513
980.6095522,8.370371526811598e-05
980.9031066,4.0709046135067906e-05
981.1966008,8.155895777942788e-05
981.4900347,0.00027916627378221073
981.7834083,3.243748559498122e-05
982.0767217,0.0001393381257229165
982.3699748,6.658640458974002e-05
982.6631676,9.330310715487067e-05
982.9563,3.5563890018713946e-05
983.2493721,0.00013355726733110058
983.5423839,0.00011721371670649644
983.8353353,-0.0007250035689993608
984.1282263,9.758761213299055e-05
984.421057,3.839894892866074e-05
984.7138272,4.828019238523565e-05
985.006537,7.704636691796213e-05
985.2991863,-4.942704086572021e-05
985.5917752,-3.545495924759508e-05
985.8843036,-1.589503120578399e-05
986.1767716,-1.8134839615293652e-05
986.469179,-1.8283313818065326e-05
986.7615259,-1.703482448378228e-05
987.0538123,-1.2092608782379707e-05
987.3460381,-1.1542725153188206e-05
987.6382034,-8.6510063938262e-06
987.9303081,-8.935495856307091e-06
988.2223522,-1.6928173526127852e-05
988.5143357,-0.0005955908782152912
988.8062586,2.9091549748181886e-05
989.0981209,1.5668207831861916e-05
989.3899225,1.3477173081278296e-05
989.6816634,1.860161439682305e-05
989.9733436,4.779328065780371e-05
990.2649632,-0.00016520325709967268
990.556522,-5.620194182531103e-05
990.8480201,-2.814208247352124e-05
991.1394575,-1.8344660953381506e-05
991.4308341,-1.773182060462376e-05
991.7221499,-5.4648557321492574e-05
992.013405,-0.0032296610896973737
992.3045992,6.018005553099132e-05
992.5957327,2.7700856570701493e-05
992.8868053,3.086734049035354e-05
993.177817,-0.0002346083677943259
993.4687679,6.894453423770049e-05
993.7596579,0.00012654341610471507
994.050487,-0.0033368574836754035
994.3412552,0.04203111084801629
994.6319625,-9.040805036744556e-05
994.9226089,-5.124864774261272e-05
995.2131943,-8.569621333902403e-05
995.5037187,-4.0089615595955134e-05
995.7941822,-3.553348790755509e-05
996.0845846,0.00012351456288403216
996.3749261,0.00019315977241241163
996.6652065,7.383632704313684e-05
996.9554258,2.6139059631911596e-05
997.2455841,1.543241345571024e-05
997.5356814,2.263235098812659e-05
997.8257175,3.12979032648788e-05
998.1156926,8.475483253508674e-05
998.4056065,0.00017440758744639417
998.6954593,-7.333347844586876e-05
998.9852509,-0.0003977800447789934
999.2749814,-0.0005326524442671181
999.5646507,-5.03325836206943e-05
999.8542588,-3.081525993426684e-05
1000.143806,-3.456622230938105e-05
1000.433291,-2.2774317129763614e-05
1000.722716,-2.6646746278503856e-05
1001.012079,-0.000358266948638193
1001.301381,7.288115239364823e-05
1001.590622,0.0001530082858744334
1001.879801,3.163148283219011e-05
1002.168919,2.3100766744131263e-05
1002.457976,5.685827305204573e-05
1002.746971,3.280541301238791e-05
1003.035905,4.280949838807141e-05
1003.324778,3.977362806261269e-05
1003.613589,3.845719787490229e-05
1003.902339,2.4468222980554766e-05
1004.191027,5.865950262034651e-05
1004.479654,3.3621612982585835e-05
1004.76822,5.158642680128731e-05
1005.056724,5.256382508954359e-05
1005.345166,8.74054044046847e-05
1005.633547,7.39336348899031e-05
1005.921867,0.00010092631317662801
1006.210125,-4.714798130307113e-05
1006.498321,-2.0569873829116117e-05
1006.786456,-2.4539685203062567e-05
1007.07453,-2.459596734028377e-05
1007.362542,-2.0213560082189158e-05
1007.650492,-5.050265356069249e-05
1007.93838,-3.8978300188038955e-05
1008.226207,-2.7387767605501938e-05
1008.513973,-3.303991978589536e-05
1008.801676,-4.112035536708218e-05
1009.089318,-2.1366794217023062e-05
1009.376899,-2.3307069127510115e-05
1009.664417,-2.0335331043517222e-05
1009.951874,-1.4908264996830459e-05
1010.239269,-1.778594788477511e-05
1010.526603,-2.8840565313692795e-05
1010.813874,-4.338148481619002e-05
1011.101084,-6.955009742942779e-05
1011.388232,6.101014098946057e-05
1011.675318,4.469251530363586e-05
1011.962343,3.680989794400728e-05
1012.249305,2.5967460881819173e-05
1012.536206,4.281630772495431e-05
1012.823045,0.00016740288468987646
1013.109822,0.00014696693413867982
1013.396537,-0.00044553798112157583
1013.68319,-4.3295219909873424e-05
1013.969781,0.00038974898219626696
1014.25631,0.0002520746211447825
1014.542778,-7.301277309781044e-05
1014.829183,-2.5017206487868797e-05
1015.115526,-4.170339517400698e-05
1015.401808,-4.793659391070329e-05
1015.688027,-4.392997462610107e-05
1015.974184,-5.555931275655444e-05
1016.26028,3.836941829763033e-05
1016.546313,2.621293656392899e-05
1016.832284,4.42000887338293e-05
1017.118193,4.540280807980775e-05
1017.40404,5.1290860906622004e-05
1017.689824,7.295724074910288e-05
1017.975547,0.00010756373962525656
1018.261207,8.923793369828357e-05
1018.546806,6.011134848050685e-05
1018.832342,3.867201879393552e-05
1019.117816,-0.000123257126668464
1019.403227,-7.125639082572038e-05
1019.688577,-4.875395041376667e-05
1019.973864,-8.846766814204013e-05
1020.259089,-3.320244325066594e-05
1020.544252,-0.004100280542981044
1020.829352,-9.844436764136163e-05
1021.11439,-0.00011368490265830596
1021.399366,-2.8194581201165033e-05
1021.684279,-3.080242791391061e-05
1021.96913,-1.783784795818507e-05
1022.253919,-2.3139517670123903e-05
1022.538645,-0.00010528015332427711
1022.823309,0.0005330954387786666
1023.107911,2.869965016310493e-05
1023.39245,1.6651420312199704e-05
1023.676926,2.0784806665527703e-05
1023.96134,4.643421821872993e-05
1024.245692,4.286554282304182e-05
1024.529981,0.0005385969939336949
1024.814208,-4.8589700724086596e-05
1025.098372,-6.0112355870582504e-05
1025.382474,-8.207238433994931e-05
1025.666513,-2.879898744604916e-05
1025.95049,-3.361022609005818e-05
1026.234404,-6.56666303391257e-05
1026.518255,-3.463640551190461e-05
1026.802044,-2.965678118328761e-05
1027.08577,-9.052368256212549e-05
1027.369433,-5.420596367321313e-05
1027.653034,-3.0777932714771134e-05
1027.936572,-3.9160945437136326e-05
1028.220048,-3.9234184721215e-05
1028.503461,-3.931166965799235e-05
