Wavelength,Counts
338.5374925,1523.9556297451697
338.9177132,1523.9556297451697
339.297902,1523.9556297451695
339.6780589,1527.7656064633156
340.0581838,1556.7560177302685
340.4382767,1561.2272415261468
340.8183376,1574.965552789913
341.1983666,1584.0729137156497
341.5783635,1596.9880624846357
341.9583283,1598.4738905283498
342.3382611,1622.7832450208311
342.7181619,1619.6395559687446
343.0980305,1615.9962171496436
343.4778671,1621.1237376465074
343.8576715,1618.315645705517
344.2374438,1598.4714519221566
344.617184,1616.3335838117137
344.996892,1612.690868084957
345.3765678,1599.1181044054279
345.7562114,1588.8520581813123
346.1358229,1590.8423021393128
346.5154021,1580.9184366081379
346.8949491,1581.7472957596533
347.2744638,1587.0472421891088
347.6539463,1593.5092273192695
348.0333965,1598.306831079039
348.4128144,1589.7094891231309
348.7921999,1599.3108500550838
349.1715532,1590.7019369099066
349.5508741,1601.9494232289921
349.9301627,1588.8716768224465
350.3094189,1576.6153612302123
350.6886427,1564.0325993154909
351.0678341,1577.1106100377972
351.4469931,1566.19430135107
351.8261196,1566.3631445779124
352.2052138,1585.2357948672025
352.5842754,1590.2031885747874
352.9633046,1587.2232023035094
353.3423013,1594.66935605681
353.7212655,1601.7865414334142
354.1001971,1590.8661441666466
354.4790963,1601.7891889003195
354.8579629,1629.3954798767702
355.2367969,1619.9610455499928
355.6155983,1624.7596241763154
355.9943671,1625.9166968777208
356.3731034,1621.4509835256422
356.751807,1586.064372086178
357.1304779,1592.0241042723987
357.5091162,1579.4443226723608
357.8877219,1568.6795211523645
358.2662948,1563.2176924527348
358.6448351,1571.3301308360901
359.0233426,1560.568210464357
359.4018174,1568.1828982684897
359.7802594,1573.1527181089627
360.1586687,1577.1239959103546
360.5370453,1569.175017490507
360.915389,1604.0703622856627
361.2936999,1598.1128356547865
361.671978,1606.22506289797
362.0502233,1601.260321771324
362.4284357,1606.0616199641754
362.8066152,1574.976200909111
363.1847619,1583.746310361651
363.5628756,1583.0857335964279
363.9409565,1588.3790748371825
364.3190044,1590.6947014818033
364.6970194,1600.7895480266552
365.0750014,1596.6536274218042
365.4529505,1616.1707488049842
365.8308666,1614.84569828939
366.2087496,1611.5392224111602
366.5865997,1611.7056974103084
366.9644167,1602.1027152010936
367.3422007,1582.254951139071
367.7199516,1577.4582604985803
368.0976694,1583.5819910619746
368.4753541,1575.9695914649296
368.8530058,1577.294128832575
369.2306243,1588.04966677532
369.6082097,1591.1941408168664
369.9857619,1585.5669548471353
370.3632809,1584.403977597213
370.7407668,1587.8829012747158
371.1182195,1574.8087713240498
371.495639,1592.6726387465355
371.8730252,1592.010341315619
372.2503782,1585.0528500319965
372.6276979,1578.7557210950956
373.0049844,1590.0095805463457
373.3822376,1577.7741140948378
373.7594574,1584.8920206793082
374.136644,1591.521215934289
374.5137972,1594.0078865734795
374.8909171,1587.8855693031614
375.2680036,1583.2494521593912
375.6450567,1585.8951979705275
376.0220765,1589.373274816211
376.3990628,1595.9963496246949
376.7760157,1587.388811274459
377.1529352,1586.3913648920516
377.5298212,1570.6673494668075
377.9066737,1562.7189615718698
378.2834928,1563.5471147147834
378.6602784,1565.6995607113422
379.0370304,1561.7318085561506
379.413749,1569.0131504181481
379.7904339,1584.4037116198645
380.1670854,1588.3763336211337
380.5437032,1594.004459001706
380.9202875,1621.1289423077606
381.2968381,1617.3245847732992
381.6733552,1598.455846751176
382.0498386,1591.0079056206107
382.4262883,1594.9808258508954
382.8027044,1580.930552822282
383.1790869,1596.4815771089407
383.5554356,1607.2351488861436
383.9317506,1611.8685664086784
384.3080319,1605.5791778344333
384.6842794,1587.7024857492731
385.0604932,1587.2114055758152
385.4366732,1587.0566637961
385.8128195,1591.1953695618715
386.1889319,1601.4539281903617
386.5650106,1609.4022845144782
386.9410554,1588.3757505544586
387.3170663,1590.0293520270548
387.6930434,1593.999470373952
388.0689866,1591.6844297845091
388.444896,1599.793693960296
388.8207714,1609.899236327512
389.1966129,1607.9148261170856
389.5724205,1596.1649361295003
389.9481941,1592.854018408707
390.3239338,1591.0345909434443
390.6996394,1589.3798192726267
391.0753111,1593.1861959662278
391.4509488,1598.4835399882706
391.8265525,1599.313004213207
392.2021221,1599.143142747344
392.5776576,1602.7848824455482
392.9531591,1597.157363875191
393.3286265,1591.860698340623
393.7040598,1592.1911109767866
394.079459,1596.4945334759948
394.4548241,1595.9959810838357
394.830155,1603.4398688160252
395.2054517,1614.1970847968014
395.5807143,1618.6625264350896
395.9559427,1618.0020329897834
396.3311369,1617.010086182148
396.7062968,1612.3798440448936
397.0814225,1608.5746610519527
397.456514,1606.590974513329
397.8315712,1602.7816486813472
398.2065942,1607.0839195793346
398.5815828,1617.3398904293024
398.9565371,1617.3392359618101
399.3314571,1622.9621478943516
399.7063428,1621.9702537168637
400.0811941,1623.6256519561907
400.456011,1627.2625858037472
400.8307935,1629.743984987896
401.2055417,1626.269771204602
401.5802554,1637.5207062154277
401.9549347,1652.8969334764045
402.3295795,1686.7354872836756
402.7041899,1770.4692065316272
403.0787658,1948.6068921728004
403.4533073,2232.357611191714
403.8278142,2555.374076682966
404.2022866,2809.4844924011804
404.5767244,2919.3849761142274
404.9511277,2842.0386458211674
405.3254965,2584.045265434327
405.6998306,2264.6618896063433
406.0741302,2001.8141342211088
406.4483951,1855.0603014941557
406.8226255,1806.582144807303
407.1968212,1827.0138048002445
407.5709822,1852.2542662152455
407.9451085,1851.2631353638703
408.3192002,1820.5833454314084
408.6932572,1785.4567406014633
409.0672794,1746.8685183369064
409.4412669,1722.1246428693794
409.8152197,1707.7642903725837
410.1891377,1722.9501099786735
410.5630209,1723.283723868515
410.9368694,1718.1619893837487
411.310683,1718.6560354830895
411.6844618,1727.2388142829059
412.0582058,1710.0678443848974
412.4319149,1721.9506269896413
412.8055892,1730.869646947402
413.1792285,1731.2006046034971
413.552833,1717.6632492319764
413.9264026,1726.7452754592846
414.2999372,1717.0087573600501
414.6734369,1723.119029767438
415.0469016,1730.54151859056
415.4203314,1754.6416207757654
415.7937262,1761.7421074161966
416.1670859,1780.3862274759426
416.5404107,1777.4148779540583
416.9137004,1785.5053065255033
417.2869551,1779.235719026644
417.6601747,1780.224016666983
418.0333592,1763.5612915149381
418.4065087,1775.4436109684646
418.779623,1758.1125451416478
419.1527022,1765.3706691266482
419.5257463,1765.0423013990476
419.8987552,1782.6934728795422
420.2717289,1786.4850247185832
420.6446675,1814.52937585529
421.0175709,1811.5621323476587
421.390439,1812.7173905060263
421.763272,1811.2316375862092
422.1360696,1801.828697660244
422.5088321,1798.700814992997
422.8815592,1800.0192693911513
423.2542511,1813.8674651293577
423.6269076,1817.8232830065685
423.9995289,1835.3033397151398
424.3721148,1838.927046823445
424.7446653,1844.8623318179116
425.1171805,1834.4747417102062
425.4896604,1854.7291066286184
425.8621048,1865.5993213470535
426.2345138,1864.117288261956
426.6068874,1862.3042336144317
426.9792255,1884.2203348014314
427.3515282,1865.1202185611842
427.7237955,1861.6614685256745
428.0960272,1870.2281699732407
428.4682234,1868.7436753797203
428.8403842,1850.4533941030054
429.2125094,1852.757661189485
429.584599,1854.569007585645
429.9566531,1855.7206912715485
430.3286717,1881.080651267002
430.7006546,1902.0041520765865
431.0726019,1921.7630082719295
431.4445136,1916.0001302087044
431.8163897,1927.0269321842452
432.1882301,1933.1119426008274
432.5600349,1960.401171279071
432.931804,1998.8276997279727
433.3035374,2124.8574759974063
433.6752351,2472.7258946010493
434.046897,3326.5628676375954
434.4185232,5021.76636902079
434.7901137,7182.133277011737
435.1616684,8947.784175549874
435.5331873,9774.766178561382
435.9046704,9543.431421148432
436.2761177,8054.018372899942
436.6475291,5911.187150638281
437.0189047,4057.003839925668
437.3902445,2902.8643869168154
437.7615484,2294.3370303569495
438.1328164,2079.1828871625694
438.5040485,2038.508949756807
438.8752446,2032.1017293600783
439.2464048,2025.8577227660844
439.6175291,2015.5042426252908
439.9886174,2022.8966220291836
440.3596698,2018.7886532530115
440.7306861,2015.0093610569409
441.1016664,2025.0242870209327
441.4726107,2035.207528080555
441.843519,2034.2188071800697
442.2143912,2050.310672417686
442.5852273,2068.8690376813197
442.9560274,2073.1403701396976
443.3267913,2081.3561865541787
443.6975192,2091.20511586636
444.0682109,2099.4065886207245
444.4388664,2098.9119716969917
444.8094858,2099.735562089678
445.180069,2099.076875958758
445.550616,2096.456162524433
445.9211269,2091.3724694206517
446.2916015,2094.8218933054354
446.6620398,2100.06890331762
447.0324419,2106.7967001256116
447.4028078,2117.1336275779463
447.7731374,2132.0577833142524
448.1434306,2146.978784096422
448.5136876,2163.5398706996716
448.8839082,2166.824790384002
449.2540925,2166.332310718509
449.6242404,2162.7263374883505
449.994352,2178.121488516757
450.3644272,2173.530818156223
450.7344659,2188.7747812781604
451.1044683,2191.2354865953976
451.4744342,2190.90858195897
451.8443637,2174.202552037588
452.2142567,2164.694438247437
452.5841132,2164.5313116293387
452.9539333,2175.513090930022
453.3237168,2174.527892157613
453.6934638,2195.8155298619554
454.0631743,2209.9142709130874
454.4328483,2205.3251542280013
454.8024856,2209.090125350004
455.1720864,2216.959308923867
455.5416506,2200.9140159190465
455.9111781,2201.895001230654
456.2806691,2209.921964446291
456.6501234,2214.9999062888255
457.019541,2216.307450901504
457.388922,2224.6594165981273
457.7582663,2222.8578950821643
458.1275739,2226.7864901480225
458.4968447,2232.514679669007
458.8660788,2241.6855832544647
459.2352762,2230.5472907304143
459.6044368,2235.9528377942097
459.9735607,2237.920283470362
460.3426477,2230.3939526945474
460.711698,2225.1547831712874
461.0807114,2232.527149904698
461.449688,2231.0528363470276
461.8186277,2240.0515529585814
462.1875306,2240.7052393938543
462.5563965,2252.9855372653424
462.9252256,2266.4068133309365
463.2940178,2274.7593113878816
463.662773,2277.3758709070594
464.0314913,2284.2488243370904
464.4001726,2285.8858267074133
464.768817,2293.737265600784
465.1374244,2307.8059389499767
465.5059948,2294.7190823457126
465.8745281,2298.1549574438263
466.2430244,2301.099426633046
466.6114837,2288.9914378241792
466.9799059,2295.528729882776
467.348291,2320.718314197551
467.7166391,2338.545593839598
468.08495,2351.7865271226583
468.4532238,2382.1938580482997
468.8214604,2383.988171925676
469.18966,2394.1164832416025
469.5578223,2394.4430428807937
469.9259474,2398.6902779073143
470.2940354,2409.294601441001
470.6620861,2422.5275469392755
471.0300997,2439.8233411894785
471.3980759,2456.6414655719127
471.7660149,2469.3784287151493
472.1339167,2485.833633049879
472.5017811,2522.512301874811
472.8696083,2535.0639895791414
473.2373981,2550.5544323899167
473.6051506,2582.17526973912
473.9728657,2597.005794998967
474.3405435,2604.6579158713125
474.7081839,2618.3355100481276
475.0757869,2639.0226509880695
475.4433525,2645.5270936723055
475.8108806,2647.484170069338
476.1783714,2660.491762479246
476.5458246,2682.2890397740457
476.9132404,2712.204300318228
477.2806188,2743.4252621143146
477.6479596,2768.791886944483
478.0152629,2786.3414790446736
478.3825287,2804.8522156079275
478.7497569,2825.3025139883057
479.1169476,2846.2339828015483
479.4841007,2883.052231646926
479.8512162,2911.2719864990513
480.2182941,2941.911848294865
480.5853343,2961.6866046229584
480.952337,2967.3619990468324
481.319302,2990.8496087429776
481.6862293,3019.992708192126
482.0531189,3046.2174628399434
482.4199709,3079.3828234495486
482.7867851,3128.4154764213436
483.1535616,3143.61518217702
483.5203004,3154.4420523056547
483.8870014,3178.998054160509
484.2536647,3197.5673538234932
484.6202902,3211.777558903088
484.9868778,3229.54423433524
485.3534277,3260.063761583789
485.7199397,3267.0042259512898
486.0864138,3283.461329681959
486.4528502,3303.616049677957
486.8192486,3325.8811312469024
487.1856091,3351.988376363902
487.5519318,3367.463976795048
487.9182165,3377.1382748157585
488.2844633,3387.299547964032
488.6506721,3397.613923478789
489.0168429,3408.397710836868
489.3829758,3432.883568464542
489.7490707,3453.0137235573748
490.1151276,3485.843934804656
490.4811464,3530.4027301805277
490.8471272,3574.278320931073
491.21307,3598.8844872999216
491.5789747,3614.971406364702
491.9448413,3602.2646790074186
492.3106697,3582.655268683606
492.6764601,3530.7276729314235
493.0422124,3512.72288178521
493.4079264,3502.1084745655135
493.7736024,3511.117617910243
494.1392401,3501.4656994147554
494.5048397,3516.118768060759
494.8704011,3517.72703407096
495.2359242,3516.276134612176
495.6014091,3516.1121508140945
495.9668557,3526.5649932577753
496.3322641,3528.4935671646845
496.6976342,3531.548346107988
497.062966,3536.538499032885
497.4282595,3536.6989318405103
497.7935147,3546.0289770001855
498.1587315,3546.1899074050157
498.5239099,3543.937589584567
498.88905,3551.817185718146
499.2541517,3544.9038135190585
499.619215,3529.1438998464705
499.9842399,3529.145489991345
500.3492263,3519.651441940703
500.7141743,3493.4217806887755
501.0790839,3484.0875085379894
501.4439549,3488.7520536328416
501.8087875,3507.558671014247
502.1735816,3508.848550969976
502.5383371,3515.7703017606873
502.9030541,3535.5585030580314
503.2677326,3542.1537968688976
503.6323724,3533.6314787954225
503.9969737,3548.588190789772
504.3615364,3573.9941635854166
504.7260605,3580.582658089749
505.090546,3577.3663281905337
505.4549928,3584.7641085131745
505.8194009,3595.8577782233574
506.1837704,3598.920004315585
506.5481012,3598.2789377134777
506.9123933,3614.989737487259
507.2766467,3621.2489245835027
507.6408613,3628.468220282727
508.0050372,3625.5687069828255
508.3691743,3633.4404615728763
508.7332727,3637.9445031893074
509.0973322,3649.1774292235123
509.461353,3658.6557393126104
509.8253349,3690.131435154271
510.189278,3724.952591771884
510.5531822,3752.8747826659537
510.9170476,3764.914238342106
511.280874,3782.2468291909418
511.6446616,3795.222023503962
512.0084103,3791.5354364014593
512.37212,3788.0099924035044
512.7357908,3784.9664806378396
513.0994226,3790.8900328337195
513.4630155,3791.060080708064
513.8265694,3796.50597363169
514.1900842,3806.287168529377
514.5535601,3836.7374804353444
514.9169969,3848.924334804262
515.2803947,3857.0877043027913
515.6437534,3912.7780172744942
516.007073,3924.473096027529
516.3703535,3927.511540962236
516.7335949,3927.6702340510883
517.0967972,3942.7380258859102
517.4599603,3911.398968623067
517.8230843,3943.0871985902227
518.1861692,3959.571561175204
518.5492148,3996.8573579620006
518.9122213,4033.308985732144
519.2751885,4064.9689426563687
519.6381165,4086.8606640208964
520.0010052,4118.342894079962
520.3638547,4145.9667846841
520.7266649,4144.050491727926
521.0894359,4161.14337054391
521.4521675,4185.242630127692
521.8148598,4205.025299250725
522.1775127,4214.604022706663
522.5401264,4246.691462235813
522.9027006,4266.79104736261
523.2652355,4269.6597591897025
523.627731,4280.8199617505
523.990187,4313.489310711334
524.3526037,4344.876485275947
524.7149809,4370.689676684302
525.0773186,4405.420402742383
525.4396169,4423.741778253405
525.8018757,4431.218812569036
526.164095,4427.394488128876
526.5262747,4434.392744558228
526.888415,4440.119275094877
527.2505157,4473.529390431737
527.6125768,4498.187867514473
527.9745984,4534.61040898938
528.3365803,4575.634509185125
528.6985227,4614.417875497958
529.0604254,4613.625095488165
529.4222885,4638.4079005003
529.784112,4669.0646754184445
530.1458958,4678.430052088758
530.5076399,4705.246951183035
530.8693443,4745.569066644082
531.231009,4766.668289007967
531.592634,4775.236228905101
531.9542192,4818.84303929405
532.3157647,4841.806098933078
532.6772704,4877.157843097242
533.0387363,4917.2415815661425
533.4001624,4949.886266137066
533.7615487,4979.958449619623
534.1228952,5015.895160136342
534.4842018,5052.279202008816
534.8454685,5094.013406568754
535.2066954,5151.24710832209
535.5678824,5191.219973247402
535.9290295,5225.653842668529
536.2901367,5270.806180601841
536.6512039,5307.2604408208035
537.0122312,5358.672508973081
537.3732185,5419.824267320313
537.7341658,5482.552121825031
538.0950731,5544.281379731014
538.4559404,5625.946964797522
538.8167677,5698.43590426406
539.177555,5771.808409831068
539.5383022,5847.525378804761
539.8990093,5935.099387637603
540.2596763,6060.238953491944
540.6203032,6204.198879768899
540.98089,6421.352640308427
541.3414367,6667.964660089184
541.7019432,6925.905521102928
542.0624096,7133.967390659834
542.4228358,7325.530319209949
542.7832218,7458.193232881074
543.1435676,7585.110175021875
543.5038731,7684.845519119425
543.8641385,7948.717191394619
544.2243636,9619.997947758025
544.5845484,16119.761011286982
544.9446929,25538.774083452336
545.3047971,34904.645893519846
545.664861,40357.896497858834
546.0248846,41960.72582521606
546.3848679,37092.44585813167
546.7448107,28285.7608461081
547.1047133,19031.531371434903
547.4645754,13353.0953421591
547.8243971,10098.788390214137
548.1841784,8467.456391859701
548.5439193,7828.245841660651
548.9036197,7673.97516953941
549.2632796,7667.790219489489
549.6228991,7684.479317923737
549.9824781,7686.647927644091
550.3420166,7697.469663280948
550.7015145,7711.996600574159
551.0609719,7764.982721469176
551.4203888,7784.758018557806
551.7797651,7832.469164256516
552.1391008,7893.2676871254025
552.4983959,7970.085289267154
552.8576504,8030.814935961844
553.2168643,8109.912281561137
553.5760375,8165.538747001419
553.9351701,8202.03907527372
554.294262,8226.984111498925
554.6533132,8260.832339787677
555.0123237,8289.60558106881
555.3712934,8364.461632472981
555.7302225,8423.643056974517
556.0891108,8474.514058172042
556.4479583,8551.88748050971
556.806765,8640.460922798084
557.165531,8674.819354322395
557.5242561,8739.23296459462
557.8829405,8817.453829567039
558.241584,8842.892433085492
558.6001866,8881.939875493865
558.9587483,8940.88404203963
559.3172692,8990.168210953778
559.6757492,9086.460208838294
560.0341882,9176.056684018151
560.3925864,9259.178260611345
560.7509436,9330.518869041927
561.1092598,9401.521676970453
561.467535,9411.591101780179
561.8257693,9486.889545832004
562.1839625,9574.162668003417
562.5421148,9642.56767695793
562.900226,9709.438719937962
563.2582961,9808.71492971508
563.6163252,9857.550708241326
563.9743132,9894.02904972761
564.3322601,9954.989745907598
564.6901659,10010.004665913037
565.0480306,10034.918488652205
565.4058541,10082.591147245537
565.7636365,10121.600591482515
566.1213777,10159.536645332422
566.4790777,10200.65656850906
566.8367366,10271.776290880623
567.1943542,10306.49738833381
567.5519306,10332.25696488726
567.9094657,10372.261468404056
568.2669595,10452.962489521778
568.6244121,10507.441980015985
568.9818234,10584.011706684541
569.3391934,10629.60689872316
569.6965221,10684.515256279421
570.0538095,10692.666588467067
570.4110554,10726.661736107671
570.7682601,10730.292339716008
571.1254233,10789.69256038878
571.4825452,10848.886242362165
571.8396256,10890.8841210381
572.1966646,10932.840164045025
572.5536622,11008.291440634144
572.9106183,11057.763738167916
573.2675329,11040.714227689967
573.6244061,11079.63298507646
573.9812377,11084.001390568683
574.3380279,11078.425925423457
574.6947765,11090.644090520876
575.0514835,11243.88581081637
575.408149,12134.939098761737
575.7647729,13630.853461446392
576.1213553,15308.560287398159
576.477896,16438.553945963078
576.8343951,17016.810401978506
577.1908525,16675.420499208307
577.5472684,16282.341409295543
577.9036425,16170.894934198957
578.259975,16670.88312333684
578.6162657,17069.454442468617
578.9725148,17194.24425682317
579.3287221,16497.206750517238
579.6848877,15154.897169315751
580.0410115,13641.314846071808
580.3970936,12629.6408315531
580.7531338,12025.35006094734
581.1091323,11682.6669338908
581.4650889,11501.652813824328
581.8210038,11399.107589280622
582.1768767,11382.112660419127
582.5327078,11386.32391201361
582.8884971,11392.034109115897
583.2442444,11413.977968451238
583.5999498,11417.898886292436
583.9556133,11404.207990821094
584.3112349,11364.18252727898
584.6668145,11326.245265438749
585.0223522,11274.028299153895
585.3778478,11262.425275051097
585.7333015,11256.407504263989
586.0887131,11258.804390439676
586.4440828,11278.987991428785
586.7994103,11380.233105299467
587.1546959,11372.096809392442
587.5099393,11331.428726281452
587.8651407,11250.925617922932
588.2202999,11159.878623755794
588.5754171,10979.416857329395
588.9304921,10911.9764762968
589.285525,10846.041143079294
589.6405157,10820.374355177688
589.9954642,10790.9135044955
590.3503705,10786.073613938219
590.7052346,10751.318435592992
591.0600565,10699.763964340866
591.4148362,10677.698263977018
591.7695736,10653.663086217646
592.1242687,10616.926542573661
592.4789215,10587.584019804704
592.8335321,10561.988613324396
593.1881003,10513.712142402002
593.5426262,10450.571235410061
593.8971098,10389.376608704051
594.251551,10320.117737847308
594.6059498,10268.13353047263
594.9603063,10212.194613754036
595.3146203,10190.052007041886
595.6688919,10152.116762991054
596.0231211,10145.597039574099
596.3773079,10121.305688993396
596.7314521,10100.042874388222
597.0855539,10087.145659098349
597.4396132,10067.856222425651
597.79363,10025.31677792415
598.1476043,10021.517787795676
598.501536,9992.352363738497
598.8554252,9918.951823503889
599.2092718,9879.426144599733
599.5630758,9853.283124075886
599.9168372,9778.3111793239
600.270556,9723.832295822718
600.6242322,9669.305068687607
600.9778657,9629.713878124065
601.3314566,9572.90349295353
601.6850048,9538.44406600057
602.0385103,9495.147570695128
602.3919731,9470.590217396202
602.7453931,9441.930872317824
603.0987705,9390.049922110553
603.4521051,9338.017700043685
603.8053969,9294.042055739512
604.158646,9251.584638423461
604.5118522,9208.847458087997
604.8650157,9158.555550838553
605.2181363,9123.863282124697
605.5712141,9094.203202424935
605.924249,9050.455198289159
606.277241,8996.169072026867
606.6301902,8958.959444854176
606.9830965,8894.480102509722
607.3359598,8839.806871719544
607.6887802,8789.699038546392
608.0415577,8750.943445314924
608.3942922,8729.940746112607
608.7469838,8720.433568166422
609.0996323,8747.252272628106
609.4522378,8845.383880775971
609.8048004,9036.016338406258
610.1573199,9349.495467686282
610.5097963,9674.72296534673
610.8622297,9917.427480787763
611.2146199,10002.715774993014
611.5669671,9896.264017308142
611.9192712,9631.351613482777
612.2715322,9321.000241089807
612.62375,9006.370632947212
612.9759246,8794.406608026446
613.3280561,8632.392370673748
613.6801444,8493.033638082983
614.0321895,8395.042850753041
614.3841914,8317.535228446166
614.7361501,8159.517124357033
615.0880655,8044.876073562351
615.4399376,7932.909757145241
615.7917665,7805.334745038429
616.143552,7684.775246456658
616.4952943,7646.580687864631
616.8469933,7570.639225501982
617.1986489,7499.122266265561
617.5502611,7436.411503151883
617.90183,7401.723101346788
618.2533555,7345.499120891071
618.6048376,7308.748456076426
618.9562763,7270.280727950736
619.3076716,7255.698428326056
619.6590234,7199.849489328684
620.0103318,7173.008810787545
620.3615967,7134.825357245145
620.7128181,7088.3562190274115
621.063996,7015.652158766079
621.4151304,6951.878183062874
621.7662213,6869.770124641915
622.1172686,6785.720045522899
622.4682724,6712.191845973162
622.8192325,6641.75918933825
623.1701491,6580.4936914944865
623.5210221,6522.162330955717
623.8718515,6476.114678335868
624.2226372,6403.456351621613
624.5733792,6337.490748803432
624.9240776,6269.475277657619
625.2747323,6210.214414335127
625.6253434,6146.233657842382
625.9759107,6123.52631823678
626.3264342,6078.889941865109
626.6769141,6016.476711571331
627.0273501,5951.56218591447
627.3777424,5892.251010327938
627.728091,5827.594604207761
628.0783957,5759.744845198615
628.4286566,5732.2467645199795
628.7788736,5684.445896481358
629.1290468,5653.170772718448
629.4791762,5643.42061214225
629.8292616,5642.793035854127
630.1793032,5641.373248808128
630.5293009,5621.549092131192
630.8792546,5591.797796581965
631.2291644,5525.678960889871
631.5790303,5459.820225935093
631.9288522,5373.793171032605
632.2786301,5303.2672925618
632.628364,5238.259683983669
632.9780539,5182.199683703082
633.3276997,5134.634041802494
633.6773015,5081.046014450275
634.0268593,5046.5540796560845
634.376373,5002.257270212795
634.7258426,4972.511595454398
635.075268,4937.859097626625
635.4246494,4929.308989063264
635.7739867,4904.442815871304
636.1232797,4863.21798392876
636.4725287,4834.217379349241
636.8217334,4799.328732758315
637.170894,4758.427696571991
637.5200103,4725.904425650282
637.8690824,4714.316762343143
638.2181103,4658.410884572804
638.5670939,4618.048204949351
638.9160333,4578.329928712311
639.2649283,4554.655170848044
639.6137791,4519.0525764483
639.9625856,4504.567316191177
640.3113477,4484.202943414753
640.6600655,4452.054126326841
641.0087389,4413.700798192106
641.3573679,4383.604430387859
641.7059526,4344.727484389084
642.0544928,4312.372372606955
642.4029887,4293.403610346339
642.7514401,4255.29154958209
643.099847,4229.61605598077
643.4482095,4211.260006298061
643.7965275,4198.811698803934
644.144801,4155.379708969307
644.49303,4134.934949258315
644.8412145,4104.907566568743
645.1893544,4076.6260392600093
645.5374498,4036.8397807922706
645.8855006,4022.1337318220367
646.2335068,4006.9355314870013
646.5814684,3974.618303490307
646.9293854,3955.8915971167708
647.2772578,3929.1523069697005
647.6250855,3898.406870124382
647.9728686,3856.9352214360833
648.320607,3845.0796716190284
648.6683007,3814.7971890498384
649.0159497,3797.641986160076
649.363554,3797.802275919685
649.7111135,3798.604438346779
650.0586283,3780.485652699047
650.4060983,3788.4951099030704
650.7535236,3783.8483386926146
651.100904,3782.5683102816693
651.4482397,3750.6306934451436
651.7955305,3730.080169148368
652.1427764,3688.193399186505
652.4899776,3667.1633632448434
652.8371338,3622.382922788999
653.1842452,3594.2447653810254
653.5313116,3585.0833049299135
653.8783331,3569.1644222073114
654.2253097,3552.603106715082
654.5722414,3516.5637876814217
654.9191281,3511.2484929210736
655.2659698,3462.32075389825
655.6127666,3425.4386661463795
655.9595183,3395.023755967132
656.306225,3384.711469799668
656.6528867,3383.2669265961586
656.9995033,3370.849187853645
657.3460748,3375.5259300015296
657.6926013,3382.1292455582516
658.0390827,3390.672001982825
658.3855189,3366.8240989196765
658.73191,3378.4336890222967
659.078256,3365.2072012327317
659.4245569,3338.29401311502
659.7708125,3315.8816950641212
660.117023,3309.5942536793063
660.4631883,3308.467774047649
660.8093083,3299.4315283513224
661.1553831,3301.20476037794
661.5014127,3293.4616978866534
661.847397,3275.5463267037417
662.1933361,3258.117927853926
662.5392298,3242.290922090206
662.8850782,3210.8094038221507
663.2308813,3199.3480630376644
663.5766391,3181.8981188221906
663.9223515,3185.6140725214655
664.2680186,3172.1951878302934
664.6136403,3171.2248893478513
664.9592165,3150.2041111253975
665.3047474,3147.620942899657
665.6502328,3115.6351504439217
665.9956728,3117.2513812723782
666.3410674,3098.8112228677387
666.6864164,3085.3901857858273
667.03172,3070.6685878656344
667.3769781,3068.247179711141
667.7221906,3052.5553829762307
668.0673576,3037.8244138146806
668.4124791,3019.03458987842
668.757555,3002.031116746598
669.1025853,2971.917407458802
669.4475701,2958.299414751383
669.7925092,2957.9749697535585
670.1374027,2958.2937409672277
670.4822506,2949.377836837104
670.8270528,2939.328323367761
671.1718093,2927.506807717321
671.5165202,2914.3805329600345
671.8611853,2904.170960689136
672.2058048,2893.304786272187
672.5503785,2886.8159620352244
672.8949065,2883.2468113741925
673.2393887,2887.4616273671395
673.5838252,2874.8047235891704
673.9282158,2863.597015830003
674.2725607,2851.259947221978
674.6168597,2834.218947296196
674.9611129,2797.8642665465923
675.3053202,2792.0185757894074
675.6494817,2794.4599885921316
675.9935973,2788.9251743932737
676.337667,2780.31250935441
676.6816908,2780.471983383252
677.0256687,2766.821252689512
677.3696007,2752.526132732446
677.7134866,2737.426336454767
678.0573267,2732.5548106821666
678.4011207,2731.096190328512
678.7448687,2727.196958205319
679.0885707,2724.59771922635
679.4322267,2736.457567151119
679.7758367,2720.354940565141
680.1194006,2717.917770766715
680.4629184,2709.780465790679
680.8063901,2695.9584566270246
681.1498157,2681.65895678139
681.4931952,2679.2183402647033
681.8365286,2654.1643382068323
682.1798158,2637.5611601067594
682.5230568,2618.998646145949
682.8662517,2604.514327620005
683.2094003,2585.455222278185
683.5525028,2580.565599749866
683.895559,2574.2119466870427
684.238569,2576.167036138834
684.5815328,2564.602058247834
684.9244502,2568.516056814529
685.2673214,2553.1982463587174
685.6101463,2535.586988853028
685.9529249,2497.41130955768
686.2956571,2465.763127235681
686.638343,2421.690605299848
686.9809826,2406.186695826722
687.3235757,2391.982322416226
687.6661225,2387.0834920786847
688.0086228,2389.3673957073042
688.3510768,2396.562501071505
688.6934843,2388.401595908307
689.0358453,2399.175206202488
689.3781599,2417.4671053645116
689.720428,2437.703957754559
690.0626497,2465.4539692602943
690.4048248,2490.098321867249
690.7469533,2489.611605358107
691.0890354,2481.4490979930424
691.4310708,2465.128546808685
691.7730597,2436.072178040419
692.1150021,2413.0620948625365
692.4568978,2395.7485768057677
692.7987469,2387.7423462878414
693.1405494,2376.1505908236395
693.4823052,2370.757754203077
693.8240144,2353.9222525531627
694.1656768,2345.9077514938626
694.5072926,2338.391606782853
694.8488617,2320.2425511558804
695.1903841,2313.8611360557243
695.5318597,2315.9822229387228
695.8732886,2327.426864585636
696.2146707,2332.164404801762
696.5560061,2349.165748022783
696.8972946,2354.0715192478174
697.2385363,2360.287228793085
697.5797312,2358.328774161848
697.9208793,2337.230985594888
698.2619805,2320.385869995728
698.6030348,2316.954969024901
698.9440422,2303.709033108975
699.2850028,2318.246200809702
699.6259164,2326.097137189311
699.9667831,2314.9704170176988
700.3076028,2295.4968716594303
700.6483756,2294.1892179440842
700.9891014,2277.036108343821
701.3297802,2272.4588984482916
701.670412,2279.170134119811
702.0109968,2297.4962668141598
702.3515346,2298.9702192204895
702.6920252,2286.542312137197
703.0324689,2296.848531746664
703.3728654,2299.959897850819
703.7132148,2289.820068855308
704.0535172,2285.8913089991
704.3937724,2282.451150617706
704.7339804,2279.8347493704473
705.0741413,2273.1246629265274
705.4142551,2283.5952968429065
705.7543216,2299.460103987387
706.094341,2321.3722032708624
706.4343131,2329.383928951801
706.774238,2352.285771423685
707.1141156,2356.047202467798
707.453946,2353.2673057954744
707.7937291,2343.136086402005
708.1334649,2336.105193179969
708.4731534,2334.95925892412
708.8127946,2332.8320659488045
709.1523884,2329.2358809445727
709.4919349,2328.909655290905
709.831434,2324.984396759244
710.1708857,2309.9395482917676
710.5102901,2300.1242064521007
710.849647,2293.9016219829205
711.1889565,2299.2965087339744
711.5282185,2298.8004867672325
711.8674331,2303.0560047596045
712.2066002,2290.9400196694432
712.5457198,2280.9634999460577
712.884792,2256.0938637469785
713.2238166,2242.184941844935
713.5627936,2237.276099555154
713.9017231,2234.9845622502958
714.2406051,2227.450066640421
714.5794395,2218.7691449934973
714.9182263,2205.3257165745886
715.2569654,2181.720795766625
715.595657,2171.228144827855
715.9343009,2135.2962569508513
716.2728972,2102.4781667936218
716.6114457,2077.2116380376983
716.9499467,2049.488390753286
717.2883999,2021.0930535786356
717.6268053,2019.120826541719
717.9651631,2078.4459342045075
718.3034731,2081.235101199942
718.6417354,2079.0993818729376
718.9799499,2078.441879077588
719.3181166,2082.5460633326716
719.6562354,2020.7567277498308
719.9943065,2022.7298961395418
720.3323297,2032.9167198572554
720.6703051,2059.1851204608975
721.0082326,2076.0966186007618
721.3461123,2098.586383492162
721.683944,2103.017667077395
722.0217279,2100.3905212325326
722.3594638,2076.258497854668
722.6971517,2061.8134834581115
723.0347918,2037.5124733306227
723.3723838,2020.9209723449358
723.7099279,2012.8702401415483
724.0474239,2016.1548201419619
724.384872,2011.5541560182091
724.722272,2009.7510135210416
725.0596239,2015.1758996927924
725.3969278,2024.2061755574236
725.7341837,2019.7713415176358
726.0713914,2011.7199523709937
726.4085511,2005.3076260762068
726.7456626,1991.9883867653084
727.082726,1984.271531661167
727.4197412,1985.418972202808
727.7567082,1996.2654954709938
728.0936271,1997.9058226399784
728.4304978,2003.3339253975969
728.7673203,2004.9696976387477
729.1040945,1990.9954061112462
729.4408206,1982.9435817000176
729.7774983,2004.305140552542
730.1141278,2014.0020697089255
730.450709,2004.8061173170836
730.7872419,2026.9950785145527
731.1237265,2051.7886350384197
731.4601627,2053.923655426954
731.7965506,2063.6135569237977
732.1328902,2084.313788109787
732.4691813,2098.7570213881286
732.8054241,2099.744329246807
733.1416185,2107.6205404314283
733.4777644,2112.872944408459
733.8138619,2120.7503508385153
734.149911,2110.904946761497
734.4859116,2108.441960759201
734.8218637,2109.262711824137
735.1577673,2096.293773254352
735.4936224,2086.6100984904924
735.829429,2080.20493417261
736.165187,2078.235902636364
736.5008965,2067.405023052397
736.8365574,2086.114700837321
737.1721697,2090.2123023299405
737.5077334,2102.6890848121107
737.8432485,2095.794564028118
738.178715,2093.82510716244
738.5141328,2088.2475287931
738.849502,2088.747842476169
739.1848224,2083.8258190061815
739.5200942,2096.2994964234385
739.8553173,2104.8298590574773
740.1904917,2108.439390267298
740.5256173,2103.0222846924394
740.8606942,2098.420195402914
741.1957223,2099.896304872057
741.5307016,2103.5084934496613
741.8656321,2106.950864336819
742.2005138,2119.255844156979
742.5353467,2129.7636506867834
742.8701307,2122.0530223764763
743.2048659,2115.3273055834406
743.5395522,2115.6541496686154
743.8741896,2112.211633846327
744.2087782,2109.423076628128
744.5433178,2111.5556543811745
744.8778084,2107.616581838504
745.2122501,2100.0718436403185
745.5466429,2099.742900523567
745.8809867,2092.8495136642005
746.2152815,2093.834004348574
746.5495272,2089.236396509684
746.883724,2089.8936829257445
747.2178717,2079.2255647310485
747.5519704,2093.5011615665467
747.88602,2093.010136551057
748.2200205,2096.2901424633255
748.5539719,2091.696576526441
748.8878742,2106.3032156971994
749.2217274,2084.1409352937467
749.5555314,2078.8900920124197
749.8892863,2087.919812449452
750.2229919,2083.6514946516018
750.5566485,2080.36627406603
750.8902558,2086.4472396741176
751.2238138,2083.982392223674
751.5573227,2067.0732827193897
751.8907823,2070.520471308286
752.2241926,2071.83703403653
752.5575537,2081.8494412613127
752.8908655,2085.297617086513
753.2241279,2087.1028763739077
753.557341,2080.2081432844207
753.8905048,2064.1187198178627
754.2236193,2047.043083806262
754.5566843,2035.384094518995
754.8897,2036.8634236979392
755.2226663,2025.3576378780363
755.5555832,2029.1360932035986
755.8884506,2024.534153753235
756.2212686,2027.1627269103683
756.5540372,2028.3129152527563
756.8867562,2038.1746038755705
757.2194258,2039.1606913751973
757.5520459,2046.7199711477042
757.8846164,2045.4065753322016
758.2171374,2032.0967725517467
758.5496089,2028.8108580349806
758.8820308,2024.5382190005107
759.2144031,2030.2837156901255
759.5467259,2013.5187549578545
759.878999,1988.503421914304
760.2112225,1964.9871523899758
760.5433963,1939.3336456104441
760.8755205,1873.6473478398595
761.207595,1840.70250993615
761.5396199,1815.7983720661664
761.871595,1783.3234672019378
762.2035205,1745.0785913798045
762.5353962,1753.8209130393861
762.8672221,1741.11568910048
763.1989983,1745.8987540227058
763.5307247,1745.4003411554195
763.8624013,1755.469221437429
764.1940282,1761.077988558016
764.5256052,1783.5102394287373
764.8571323,1800.0064435226752
765.1886096,1823.428080067013
765.5200371,1850.126575820656
765.8514147,1871.0509374027113
766.1827423,1893.7748566559221
766.5140201,1912.0519947726261
766.8452479,1925.7127417637394
767.1764258,1927.0246114059037
767.5075538,1931.795492607419
767.8386317,1933.9337972956023
768.1696597,1942.65127772619
768.5006377,1951.8699159110092
768.8315657,1972.7624947262589
769.1624436,1986.5763255878774
769.4932715,1999.2332798237812
769.8240493,2000.5501724557967
770.1547771,1996.272341805704
770.4854547,1980.975435927472
770.8160823,1968.8047066942129
771.1466597,1958.9433584088686
771.477187,1953.3521645568903
771.8076642,1956.1498600440946
772.1380911,1966.6811481347768
772.4684679,1963.887027127933
772.7987945,1964.8720315421933
773.1290709,1975.7209646305105
773.4592971,1967.8118123230101
773.789473,1969.1248228715926
774.1195987,1967.6440798163144
774.449674,1958.928518210962
774.7796992,1943.635886443742
775.109674,1945.785341984932
775.4395984,1939.5391280467684
775.7694726,1949.2426375253003
776.0992964,1949.5711327444988
776.4290698,1949.5731175596447
776.7587929,1953.3526657918687
777.0884656,1943.809827764508
777.4180879,1932.4621885107313
777.7476597,1921.5970109362593
778.0771811,1932.4488395874987
778.4066521,1926.035562442312
778.7360726,1939.8542236507044
779.0654426,1945.6101808829026
779.3947621,1946.431586479434
779.7240311,1932.1221822279704
780.0532496,1936.4008929985919
780.3824175,1913.197908301327
780.7115348,1903.9819226842155
781.0406016,1921.4260003494717
781.3696179,1916.1593344771632
781.6985835,1919.6155485209426
782.0274985,1925.873325458237
782.3563628,1927.8512732884565
782.6851765,1921.1086769627686
783.0139396,1932.4615806405727
783.3426519,1916.4969525027723
783.6713136,1909.579878593926
783.9999246,1899.8636802666097
784.3284848,1906.112748877316
784.6569943,1905.1279738411913
784.9854531,1915.3328557183509
785.3138611,1926.5249856801588
785.6422183,1934.4298530741096
785.9705247,1910.2300492039694
786.2987803,1897.5561397101405
786.626985,1898.7098176761192
786.9551389,1884.3875293867459
787.283242,1885.2091774603387
787.6112942,1885.537430193303
787.9392955,1878.2887519403744
788.2672459,1860.502866711039
788.5951453,1858.6897536712854
788.9229939,1844.195008363306
789.2507915,1843.8703511965427
789.5785381,1836.6142745434677
789.9062338,1824.4167238782852
790.2338784,1808.2497573468481
790.5614721,1807.75663736361
790.8890147,1808.9077211508531
791.2165063,1814.5149594976815
791.5439468,1826.547289780939
791.8713363,1846.339776859685
792.1986746,1833.6408564834687
792.5259619,1823.4242720477196
792.8531981,1822.9266707887314
793.1803831,1819.9632082138066
793.507517,1812.218454290253
793.8345997,1814.3634876959336
794.1616313,1819.968928475899
794.4886117,1818.4894029694988
794.8155408,1818.818753856403
795.1424188,1814.530715112166
795.4692455,1832.8267098344984
795.7960209,1836.2872822707795
796.1227451,1836.6168313152152
796.449418,1830.3529763361737
796.7760397,1829.526852387574
797.10261,1824.2556970618932
797.429129,1818.9821781397977
797.7555966,1822.607837376485
798.0820129,1837.7689657661635
798.4083778,1846.8376868165992
798.7346914,1848.3224011182251
799.0609535,1847.6634731884747
799.3871642,1849.1462529026571
799.7133235,1832.3367271723969
800.0394314,1833.8139016050523
800.3654877,1824.0882451208377
800.6914926,1833.3139921572906
801.0174461,1828.0409079538822
801.343348,1826.8851446172748
801.6691984,1821.7832417459065
801.9949972,1825.0804862778791
802.3207445,1829.6923017272147
802.6464403,1840.7306856387313
802.9720845,1850.2940976656973
803.297677,1849.2989995383323
803.623218,1851.6069267376251
803.9487073,1842.0557412609473
804.274145,1821.121252011636
804.599531,1824.5819792229322
804.9248654,1823.927130809514
805.2501481,1834.3067824487316
805.575379,1833.317785359797
805.9005583,1848.6521197175157
806.2256858,1849.1437609169575
806.5507616,1854.089860240725
806.8757856,1849.148363893392
807.2007579,1848.4862356598314
807.5256783,1841.3989740402903
807.850547,1839.4246245738004
808.1753638,1838.7652770347718
808.5001288,1825.245984030807
808.824842,1829.036390758201
809.1495032,1854.7274890759404
809.4741126,1876.4571333108365
809.7986701,1933.838118492563
810.1231757,2008.8152394874833
810.4476294,2072.9017281195006
810.7720311,2098.7018926323058
811.0963808,2112.5111917874638
811.4206786,2084.58934551127
811.7449244,2028.5662358432714
812.0691182,1974.1976386942815
812.39326,1924.184101437943
812.7173498,1871.3305794158073
813.0413875,1839.723217838972
813.3653731,1819.7805604460905
813.6893067,1788.7925299131443
814.0131882,1775.933708435136
814.3370175,1774.2795821387836
814.6607948,1754.3200886981178
814.9845199,1747.7179715158652
815.3081928,1738.9650692269868
815.6318136,1740.7757933971552
815.9553822,1739.9528659517525
816.2788986,1734.9998188404998
816.6023628,1734.1758776401543
816.9257748,1738.3064274441606
817.2491345,1731.70834094869
817.572442,1729.5637189764648
817.8956972,1744.5863934082263
818.2189001,1749.8675162224763
818.5420507,1761.5814694945425
818.865149,1762.2419983922473
819.1881949,1754.477947762091
819.5111886,1751.1783761776396
819.8341298,1740.6128791156843
820.1570187,1744.4075038627452
820.4798551,1744.736930718148
820.8026392,1751.8382872826187
821.1253709,1750.1871683018712
821.4480501,1752.3318450511879
821.7706768,1734.1814697358043
822.0932511,1731.6997974793112
822.4157729,1733.8438678154912
822.7382422,1738.9605694140976
823.060659,1741.7716923985581
823.3830232,1748.8701763932322
823.705335,1748.871396662329
824.0275941,1763.2268771484396
824.3498007,1758.44196517425
824.6719547,1759.926054259257
824.9940561,1772.6207773781102
825.3161049,1797.2002822109607
825.638101,1793.90326109974
825.9600445,1797.5326263570855
826.2819353,1798.6850433328334
826.6037735,1788.3017485482646
826.925559,1769.5040844265045
827.2472917,1769.5035331742952
827.5689717,1768.3493607293772
827.890599,1774.2852960026762
828.2121735,1776.1006808026414
828.5336953,1787.3176925949526
828.8551643,1786.4912678579803
829.1765805,1791.1035454765977
829.4979438,1794.7386762394276
829.8192544,1790.6121133794322
830.1405121,1787.3149027552795
830.4617169,1786.1585508198693
830.7828689,1782.536431431141
831.1039679,1764.21910075825
831.4250141,1761.7406265652612
831.7460073,1743.750273905675
832.0669476,1740.4552642720641
832.387835,1735.3392055013185
832.7086694,1740.1279534193957
833.0294508,1746.8952034285146
833.3501793,1753.9955397984008
833.6708547,1747.5573877460133
833.9914771,1747.5575152713202
834.3120464,1744.9153626957452
834.6325627,1730.7187532008516
834.9530259,1736.0000446898962
835.2734361,1748.209576807521
835.5937931,1748.8682415705755
835.914097,1748.0424421753885
836.2343478,1757.28922297808
836.5545455,1748.2106806968986
836.87469,1731.7071994691028
837.1947813,1736.1645988152677
837.5148194,1743.756750619923
837.8348043,1743.7561877575256
838.154736,1744.7470070346744
838.4746145,1753.1680774114893
838.7944397,1734.0129435047927
839.1142116,1731.374045756248
839.4339303,1734.6730746947374
839.7535957,1740.6143673765032
840.0732077,1743.0897337881065
840.3927665,1759.274615396951
840.7122719,1760.9210931571058
841.0317239,1763.0697792853937
841.3511226,1768.019318591743
841.6704679,1763.7281544742973
841.9897597,1768.017218904269
842.3089982,1758.2797802298933
842.6281832,1755.1423623026176
842.9473148,1749.2013797000209
843.266393,1749.8567820014857
843.5854176,1733.6770683346713
843.9043888,1732.1907758012471
844.2233064,1728.2304358835247
844.5421706,1729.88299916395
844.8609812,1732.857813859876
845.1797382,1743.9228120871574
845.4984417,1773.1258400847455
845.8170916,1786.8190631712628
846.1356879,1791.1051638849372
846.4542306,1786.8154414346675
846.7727197,1784.8350916675108
847.0911551,1763.7202511225112
847.4095368,1750.522791520758
847.7278649,1748.3754825743567
848.0461393,1750.6858574577345
848.3643601,1750.3552195970708
848.682527,1752.5047653855809
849.0006403,1746.7235681830912
849.3186998,1746.893704580969
849.6367056,1754.3184530972503
849.9546575,1764.2190271438112
850.2725557,1769.1683710450666
850.5904001,1781.2208805750906
850.9081906,1776.765917206762
851.2259274,1757.7803007928735
851.5436102,1749.8583946525055
851.8612392,1745.4037353877338
852.1788143,1742.1002883856343
852.4963356,1739.7869556585192
852.8138029,1747.7150373405775
853.1312162,1743.7561460898564
853.4485757,1848.7665979615522
853.7658811,1839.3591004422924
854.0831326,1839.3589211217889
854.4003302,1832.4257058374594
854.7174737,1829.6168692128244
855.0345632,1722.2961439106168
855.3515986,1720.6441320795689
855.6685801,1712.7193181818434
855.9855074,1715.8579875661028
856.3023807,1714.3694575514896
856.6191999,1712.3885118076882
856.935965,1725.762582579447
857.2526759,1728.0765003953143
857.5693327,1721.3038751441027
857.8859354,1727.0850554354683
858.2024839,1717.8326425748915
858.5189782,1711.8897734512561
858.8354183,1713.7061118979548
859.1518042,1722.9494064142145
859.4681359,1723.2774988368933
859.7844133,1739.4590800810138
860.1006365,1736.1576414520541
860.4168054,1725.2535923084406
860.73292,1726.5796571153523
861.0489803,1720.8028921400055
861.3649863,1716.3475531735983
861.6809379,1738.2880698158692
861.9968352,1755.7829520702076
862.3126782,1746.5344432910915
862.6284667,1748.1864173694726
862.9442009,1742.2419927939159
863.2598807,1715.842190084884
863.575506,1716.8446655062703
863.8910769,1718.4961062430957
864.2065933,1721.1376695123638
864.5220553,1722.1311895417525
864.8374628,1731.3771300461249
865.1528158,1716.0167210241225
865.4681143,1707.4237700293322
865.7833582,1696.8493149950948
866.0985476,1691.0640574894533
866.4136825,1690.5681141061027
866.7287627,1692.7134003167453
867.0437884,1696.8422232370372
867.3587595,1704.6091476088372
867.673676,1709.8979954313372
867.9885378,1703.7901778858932
868.303345,1705.2808430821624
868.6180975,1715.5248881193138
868.9327953,1705.942369855488
869.2474384,1770.1765158763671
869.5620269,1779.4201809706817
869.8765606,1772.3139772695658
870.1910395,1770.6616739315205
870.5054637,1774.9596283819137
870.8198332,1705.9332279458831
871.1341478,1691.733166859847
871.4484077,1700.8230608877316
871.7626127,1709.2377409704568
872.0767629,1709.564042275857
872.3908583,1715.8430765293374
872.7048988,1713.528724597345
873.0188844,1704.604573703483
873.3328152,1696.1916833792516
873.646691,1695.5356025472545
873.9605119,1683.6406425295108
874.2742779,1693.0584579750803
874.5879889,1699.3378499643936
874.901645,1699.8323985912107
875.215246,1699.8305093591437
875.5287921,1711.2255715700085
875.8422832,1697.1798362697186
876.1557193,1696.5206730280397
876.4691003,1686.9414033462576
876.7824262,1694.7029029901091
877.0956971,1700.4864658252905
877.4089129,1722.1164262469424
877.7220736,1724.099299786568
878.0351792,1735.6581070329546
878.3482296,1730.8696631590365
878.6612249,1729.5490759513614
878.9741651,1715.0271082996223
879.2870501,1713.3742720499774
879.5998798,1707.7591211024755
879.9126544,1692.8857886101173
880.2253737,1676.196565360702
880.5380379,1684.2851655352406
880.8506467,1686.2622409939406
881.1632003,1670.0685173348484
881.4756986,1682.7966392144974
881.7881417,1699.4858748987624
882.1005294,1691.226069816144
882.4128617,1691.3968255451832
882.7251388,1702.3065119840398
883.0373605,1707.091532748771
883.3495268,1696.5213131609453
883.6616377,1695.3681758914743
883.9736932,1690.2466892258506
884.2856933,1692.2286614453192
884.597638,1693.7166902718304
884.9095272,1697.680687531485
885.221361,1695.2045558009686
885.5331393,1691.4015002608958
885.8448621,1694.5429176282466
886.1565294,1683.6426811688925
886.4681412,1676.2083145370552
886.7796974,1676.703998039397
887.0911981,1680.3421999075613
887.4026432,1682.15838594384
887.7140327,1692.0707457778467
888.0253667,1684.1332546458195
888.336645,1680.1644055302388
888.6478677,1683.6335611413167
888.9590347,1687.596731083429
889.2701461,1679.995143896822
889.5812018,1690.2424604510811
889.8922019,1693.8799256563789
890.2031462,1700.6496502092004
890.5140348,1694.3744058564898
890.8248677,1703.9562389394764
891.1356448,1703.6300161759377
891.4463662,1718.331338511633
891.7570318,1726.2565325049343
892.0676416,1740.4509152474543
892.3781956,1739.9524335308279
892.6886938,1748.7033302753152
892.9991361,1733.5058597815232
893.3095226,1715.173797811946
893.6198532,1691.0629465811971
893.9301279,1675.0392283331098
894.2403468,1665.7929109977933
894.5505097,1665.9568604924648
894.8606167,1672.5649891110315
895.1706677,1674.0547066353265
895.4806628,1678.021134132609
895.7906019,1670.0808364013415
896.1004851,1657.6794674416547
896.4103122,1651.8982460874295
896.7200833,1655.2026113053748
897.0297984,1662.308014018353
897.3394574,1652.8810137450666
897.6490604,1654.2001524223756
897.9586072,1651.7182304905584
898.268098,1640.6399620762852
898.5775327,1620.3063203517029
898.8869113,1627.4182075798178
899.1962337,1638.9990369184402
899.5055,1620.145497789075
899.8147101,1620.8094181774873
900.123864,1637.3442933491708
900.4329617,1641.313723050338
900.7420032,1633.5402210833088
901.0509885,1644.1271669960302
901.3599175,1649.4169674335858
901.6687902,1645.286259487191
901.9776067,1635.6940718371452
902.2863669,1636.854011651823
902.5950708,1624.2739829885395
902.9037184,1623.4486377316048
903.2123097,1617.164523943952
903.5208446,1627.0908991131687
903.8293231,1632.3803952633807
904.1377453,1660.3372744944213
904.446111,1662.1561716836518
904.7544204,1661.8250688129688
905.0626733,1660.8299594291382
905.3708698,1648.92375715354
905.6790098,1635.2033272737071
905.9870934,1620.3159344121195
906.2951204,1613.2027772049948
906.603091,1604.4354885287198
906.9110051,1610.7200642933326
907.2188626,1599.3005716267448
907.5266636,1602.4388305635007
907.834408,1609.7177446945407
908.1420959,1611.7070989485035
908.4497271,1617.1632609807677
908.7573018,1626.2673347389928
909.0648198,1625.7761289487003
909.3722812,1619.4901520072576
909.679686,1622.964338004219
909.9870341,1626.4370205909581
910.2943255,1633.0536223809884
910.6015602,1642.317995137972
910.9087382,1636.1930865464305
911.2158595,1624.1104487752218
911.522924,1616.1746649937504
911.8299318,1614.1890311028856
912.1368828,1608.7196613394417
912.443777,1613.3546528932718
912.7506144,1621.1347359041797
913.057395,1614.3491968362075
913.3641188,1601.7757896177172
913.6707857,1597.485248196905
913.9773958,1597.644209918531
914.283949,1598.6366266233836
914.5904453,1591.8473224926624
914.8968847,1600.6180708255047
915.2032672,1598.9630889766877
915.5095927,1595.3282823881873
915.8158613,1590.5309261699533
916.1220729,1589.8759718699398
916.4282276,1589.8761091076449
916.7343252,1616.16257340637
917.0403658,1630.7224999197153
917.3463495,1640.6476405825351
917.652276,1644.4545469300685
917.9581455,1640.318797237696
918.263958,1619.1613355675204
918.5697133,1627.0941382029546
918.8754116,1627.4269272516126
919.1810527,1633.5490928487388
919.4866367,1631.5629843829836
919.7921636,1627.4270577299703
920.0976333,1611.0575414121672
920.4030458,1616.0096650322391
920.7084011,1610.0539857977383
921.0136992,1611.378451608966
921.3189401,1620.8071068284346
921.6241238,1630.7319046741952
921.9292502,1637.843101396954
922.2343193,1647.7675871332542
922.5393312,1646.111790200191
922.8442858,1637.840787679398
923.149183,1623.1173550850513
923.4540229,1609.234611948491
923.7588055,1609.2358379142843
924.0635307,1613.7042824492378
924.3681986,1610.5597494246838
924.672809,1627.429425245251
924.9773621,1609.875779880303
925.2818578,1611.860740555966
925.586296,1620.2948020359115
925.8906767,1618.1401093186255
926.195,1597.2952921687547
926.4992659,1611.536852346956
926.8034742,1609.2177937577087
927.107625,1595.9851156883321
927.4117183,1605.7509488952621
927.7157541,1621.3073189505405
928.0197323,1618.6634779242522
928.3236529,1619.4927859928503
928.627516,1614.3605835804626
928.9313215,1616.346580722859
929.2350693,1605.0967634501212
929.5387595,1606.255107047939
929.8423921,1595.4967622863724
930.145967,1598.6417239592256
930.4494843,1586.0638516115373
930.7529438,1594.336860419077
931.0563457,1592.0183294217045
931.3596898,1607.4075580872209
931.6629762,1609.5600814118839
931.9662049,1612.535480221732
932.2693758,1600.951416504366
932.5724889,1608.7248931513213
932.8755442,1597.9709612910158
933.1785417,1597.971217553651
933.4814814,1601.4512057722693
933.7843633,1607.9044568736006
934.0871872,1607.7406569582463
934.3899534,1610.3897284352013
934.6926616,1623.9520580026515
934.995312,1624.2821619886895
935.2979044,1622.4630087293694
935.6004389,1614.5228438282277
935.9029155,1606.4168710708657
936.2053341,1587.8824106390753
936.5076947,1582.5882803146806
936.8099973,1575.469065107412
937.1122419,1564.8731358404898
937.4144286,1564.7054768390885
937.7165571,1568.0229824016274
938.0186277,1563.8772380505393
938.3206401,1560.8974179445286
938.6225945,1570.0025006961891
938.9244908,1572.8182705036606
939.226329,1572.4868250993081
939.528109,1577.1282974686892
939.829831,1584.74306189223
940.1314947,1590.0368812871152
940.4331003,1583.7460070649643
940.7346477,1575.9619089289934
941.0361369,1584.2343132424187
941.3375679,1594.661876811404
941.6389407,1588.3751128888462
941.9402552,1602.6074512960513
942.2415115,1605.4248761741496
942.5427095,1597.8144226099434
942.8438492,1590.5347159069415
943.1449306,1590.2030311052497
943.4459536,1577.4592746883945
943.7469184,1585.399697435155
944.0478247,1582.420425216322
944.3486728,1582.9168860434538
944.6494624,1575.1348740395124
944.9501936,1575.9617145929487
945.2508665,1564.3735219779633
945.5514809,1566.3588948434776
945.8520369,1554.4372898953927
946.1525344,1562.8775021830743
946.4529734,1569.3318805320312
946.753354,1575.9590088492216
947.053676,1589.526090520842
947.3539396,1602.937223250201
947.6541446,1601.452445088139
947.954291,1595.6631236591138
948.254379,1596.6568778224905
948.5544083,1589.215370070809
948.854379,1593.51474902642
949.1542912,1594.5083997968732
949.4541447,1601.6211721564202
949.7539395,1606.7459265625398
950.0536758,1593.4990247301785
950.3533533,1582.9098701249375
950.6529722,1573.6361777309535
950.9525324,1564.8664598417936
951.2520339,1557.0934714290947
951.5514766,1553.6152955659747
951.8508606,1547.3202927663067
952.1501858,1557.5834556099958
952.4494523,1560.059233873539
952.74866,1573.132600765034
953.0478089,1597.9609250179465
953.346899,1608.3935605993802
953.6459302,1607.2391239671938
953.9449026,1615.3537848119486
954.2438161,1611.7112738859473
954.5426708,1597.8128993955233
954.8414665,1613.5232504029432
955.1402034,1608.5541499892151
955.4388813,1601.109098482957
955.7375003,1585.2102823526395
956.0360604,1583.5530875081595
956.3345615,1570.6532760016753
956.6330036,1566.1773384949192
956.9313867,1562.370550439392
957.2297107,1578.7688749144709
957.5279758,1584.5636797432667
957.8261818,1581.2543909044361
958.1243288,1577.9427147141982
958.4224167,1583.0747322510447
958.7204455,1582.412982975287
959.0184152,1590.852810557094
959.3163258,1590.684394703266
959.6141772,1603.2751466095144
959.9119695,1593.5063121933695
960.2097027,1592.677759222981
960.5073766,1586.5575256231875
960.8049914,1579.6086101884362
961.102547,1575.6300001578497
961.4000433,1587.3831350595751
961.6974804,1582.7471281731168
961.9948582,1588.0405160870098
962.2921768,1601.281498491826
962.5894361,1609.2339250584612
962.8866361,1603.9396574608763
963.1837768,1594.170893427105
963.4808582,1578.116807557067
963.7778802,1573.978400091292
964.0748429,1571.8257831920505
964.3717461,1578.7752796796121
964.66859,1594.8354530766117
964.9653745,1598.9749341522297
965.2620996,1597.6490882302598
965.5587653,1609.0650904654808
965.8553715,1611.38045457279
966.1519182,1599.7898606717636
966.4484054,1603.7633761487032
966.7448332,1603.5976975866229
967.0412015,1596.4814183508236
967.3375102,1589.5341164414149
967.6337594,1590.2011537896087
967.929949,1588.215309522645
968.2260791,1587.886680030505
968.5221496,1591.1994284466487
968.8181604,1588.3835025982576
969.1141117,1595.4943878845593
969.4100034,1605.2558502198133
969.7058354,1611.5464013207902
970.0016077,1605.7516753473926
970.2973204,1632.8669175059924
970.5929733,1629.3984395815366
970.8885666,1623.277523203576
971.1841002,1611.6895152745237
971.479574,1607.388249944024
971.7749881,1584.9092595414497
972.0703424,1581.5982003329302
972.3656369,1582.259832166619
972.6608716,1578.452911030734
972.9560466,1577.1273408589059
973.2511617,1572.8232932701205
973.5462169,1572.6543664292035
973.8412123,1569.0142518475286
974.1361479,1578.9482158311603
974.4310235,1583.416416474019
974.7258393,1583.5806130857077
975.0205951,1580.4353726129443
975.315291,1573.4808827021745
975.609927,1565.8661452222648
975.904503,1560.9036946958663
976.199019,1569.675765996641
976.493475,1582.0903777578783
976.7878711,1591.8563379083835
977.0822071,1608.9003962044353
977.3764831,1611.711423901033
977.670699,1607.0783706955995
977.9648549,1601.9511015651437
978.2589506,1600.7912335129058
978.5529863,1613.3530165755492
978.8469619,1608.2225808966714
979.1408774,1604.9124841385965
979.4347327,1609.877318401474
979.7285278,1612.195704655076
980.0222628,1595.3327410688028
980.3159376,1596.8228312305478
980.6095522,1614.1868565343086
980.9031066,1609.5486728405767
981.1966008,1599.7830442954714
981.4900347,1583.2312183547729
981.7834083,1582.4010772500114
982.0767217,1567.1894051586044
982.3699748,1567.0268590431813
982.6631676,1568.021141206068
982.9563,1584.0785333100173
983.2493721,1582.922755733421
983.5423839,1585.9011606086008
983.8353353,1586.2333521486862
984.1282263,1582.59064784514
984.421057,1573.156690094655
984.7138272,1568.6825189619794
985.006537,1572.6534123175925
985.2991863,1561.3927111813161
985.5917752,1573.6422021318467
985.8843036,1570.33075417303
986.1767716,1571.6559514259116
986.469179,1564.5360226962966
986.7615259,1571.1615878457571
987.0538123,1559.9055687490215
987.3460381,1560.2324755600648
987.6382034,1563.215454013501
987.9303081,1559.578028023251
988.2223522,1573.4766216251173
988.5143357,1589.1996330478203
988.8062586,1595.6552456875788
989.0981209,1601.944298753697
989.3899225,1606.4137790928844
989.6816634,1616.0016081625643
989.9733436,1605.24557862161
990.2649632,1601.2744556237537
990.556522,1594.9855627348202
990.8480201,1591.177661424473
991.1394575,1567.028365826172
991.4308341,1573.482631399179
991.7221499,1581.5917323085043
992.013405,1592.183405560369
992.3045992,1591.5224634530932
992.5957327,1627.7305786899487
992.8868053,1626.40788533692
993.177817,1621.944202429271
993.4687679,1627.2419214694173
993.7596579,1630.8828529586324
994.050487,1593.3498036328638
994.3412552,1595.4992408318892
994.6319625,1596.824093074617
994.9226089,1593.5126014014854
995.2131943,1596.1604117048446
995.5037187,1599.1418381706044
995.7941822,1595.334169581309
996.0845846,1597.9809189902792
996.3749261,1595.1683978891365
996.6652065,1597.6514492069148
996.9554258,1602.2864702499282
997.2455841,1606.2553943932594
997.5356814,1595.8266872172962
997.8257175,1590.6921297564968
998.1156926,1587.0510246840145
998.4056065,1587.0497289933655
998.6954593,1578.7793787198507
998.9852509,1579.6069452982117
999.2749814,1571.8245257914427
999.5646507,1567.5217984729989
999.8542588,1566.5251888297503
1000.143806,1572.4832562780784
1000.433291,1573.8059994147204
1000.722716,1579.7729070229711
1001.012079,1579.936306376092
1001.301381,1584.2406919776506
1001.590622,1571.159738180707
1001.879801,1580.9257848330794
1002.168919,1581.752406644408
1002.457976,1579.7680583136175
1002.746971,1582.252344086876
1003.035905,1592.5194096700047
1003.324778,1588.0527124992923
1003.613589,1592.689378647673
1003.902339,1589.541557732087
1004.191027,1572.488757500169
1004.479654,1571.662724446005
1004.76822,1577.455587660738
1005.056724,1583.7408903947994
1005.345166,1583.9029131307411
1005.633547,1600.4559321859274
1005.921867,1601.7798876891543
1006.210125,1591.1861299259072
1006.498321,1578.6065804425775
1006.786456,1585.5646100050349
1007.07453,1577.7908786812527
1007.362542,1572.4906300403163
1007.650492,1573.8162370452892
1007.93838,1577.122449223001
1008.226207,1571.4807172516657
1008.513973,1568.6631228519002
1008.801676,1574.12893937853
1009.089318,1566.3344953402843
1009.376899,1560.8764757020385
1009.664417,1562.0485709461589
1009.951874,1557.5789943040388
1010.239269,1555.259349717217
1010.526603,1563.3796334288454
1010.813874,1569.1762903587069
1011.101084,1570.5007174036955
1011.388232,1581.9253734675945
1011.675318,1585.4024571640089
1011.962343,1604.4274557137196
1012.249305,1616.669790905063
1012.536206,1620.4771951264006
1012.823045,1627.09192069045
1013.109822,1635.363257066602
1013.396537,1626.4358725293105
1013.68319,1624.6176745261755
1013.969781,1632.890192170834
1014.25631,1634.5461993618837
1014.542778,1634.710196434375
1014.829183,1617.4972171189197
1015.115526,1610.8808490775123
1015.401808,1606.7436065027046
1015.688027,1601.9468090120145
1015.974184,1600.9571306645344
1016.26028,1617.180097477967
1016.546313,1620.982961336161
1016.832284,1614.8601021471595
1017.118193,1607.9085021443118
1017.40404,1589.2029907249075
1017.689824,1582.5836465585232
1017.975547,1583.5734151460551
1018.261207,1583.0779399540816
1018.546806,1592.8417937605745
1018.832342,1597.481578010185
1019.117816,1585.5581267519642
1019.403227,1582.087605877061
1019.688577,1579.4373109516077
1019.973864,1573.3155049247416
1020.259089,1575.4676873092253
1020.544252,1581.5945218774723
1020.829352,1574.1475274927432
1021.11439,1574.476726233882
1021.399366,1572.4905777860408
1021.684279,1570.5036782669054
1021.96913,1571.0020378303434
1022.253919,1572.1611835010149
1022.538645,1579.6112711573478
1022.823309,1568.185258883419
1023.107911,1575.6339241805354
1023.39245,1573.6481154327475
1023.676926,1574.3074402495886
1023.96134,1569.0135802219047
1024.245692,1576.300820495635
1024.529981,1571.665537193239
1024.814208,1571.8283087638047
1025.098372,1567.5258733858718
1025.382474,1570.8339427542746
1025.666513,1563.7113460034163
1025.95049,1567.5103710559654
1026.234404,1564.0344748249527
1026.518255,1564.5271138517553
1026.802044,1558.2366591551986
1027.08577,1567.18231291863
1027.369433,1559.4097917174527
1027.653034,1561.3959508631547
1027.936572,1561.228914224157
1028.220048,1561.2289142241566
1028.503461,1561.2289142241566
