Primary,Setting,380,381,382,383,384,385,386,387,388,389,390,391,392,393,394,395,396,397,398,399,400,401,402,403,404,405,406,407,408,409,410,411,412,413,414,415,416,417,418,419,420,421,422,423,424,425,426,427,428,429,430,431,432,433,434,435,436,437,438,439,440,441,442,443,444,445,446,447,448,449,450,451,452,453,454,455,456,457,458,459,460,461,462,463,464,465,466,467,468,469,470,471,472,473,474,475,476,477,478,479,480,481,482,483,484,485,486,487,488,489,490,491,492,493,494,495,496,497,498,499,500,501,502,503,504,505,506,507,508,509,510,511,512,513,514,515,516,517,518,519,520,521,522,523,524,525,526,527,528,529,530,531,532,533,534,535,536,537,538,539,540,541,542,543,544,545,546,547,548,549,550,551,552,553,554,555,556,557,558,559,560,561,562,563,564,565,566,567,568,569,570,571,572,573,574,575,576,577,578,579,580,581,582,583,584,585,586,587,588,589,590,591,592,593,594,595,596,597,598,599,600,601,602,603,604,605,606,607,608,609,610,611,612,613,614,615,616,617,618,619,620,621,622,623,624,625,626,627,628,629,630,631,632,633,634,635,636,637,638,639,640,641,642,643,644,645,646,647,648,649,650,651,652,653,654,655,656,657,658,659,660,661,662,663,664,665,666,667,668,669,670,671,672,673,674,675,676,677,678,679,680,681,682,683,684,685,686,687,688,689,690,691,692,693,694,695,696,697,698,699,700,701,702,703,704,705,706,707,708,709,710,711,712,713,714,715,716,717,718,719,720,721,722,723,724,725,726,727,728,729,730,731,732,733,734,735,736,737,738,739,740,741,742,743,744,745,746,747,748,749,750,751,752,753,754,755,756,757,758,759,760,761,762,763,764,765,766,767,768,769,770,771,772,773,774,775,776,777,778,779,780
0,1023,0.00035521,0.00050143,0.00070481,0.00098856,0.0010756,0.0014181,0.0016351,0.0021949,0.0027014,0.0034154,0.0042686,0.0053618,0.0065667,0.0082417,0.0096393,0.011568,0.014137,0.016657,0.019685,0.022687,0.02653,0.029895,0.033262,0.036722,0.038845,0.039545,0.040352,0.039208,0.036396,0.034187,0.030728,0.026067,0.023236,0.020707,0.018186,0.016099,0.014329,0.012568,0.011408,0.010252,0.0085241,0.0076458,0.0065561,0.0058274,0.0051097,0.0042771,0.0038232,0.0032907,0.0029093,0.0025548,0.0023201,0.0020285,0.0018838,0.0016683,0.0014264,0.0013408,0.0011283,0.0010531,0.00087892,0.00080438,0.00073248,0.00061271,0.00064242,0.00049456,0.00047705,0.00046675,0.00045956,0.00038833,0.00042943,0.00027395,0.00027602,0.0002525,0.000285,0.00030642,0.00028416,0.00024555,0.00023028,0.00026098,0.00020214,0.00019037,0.00016383,0.00013608,0.00018378,0.00017761,0.00018792,0.00014992,0.00015032,0.00014496,0.00014104,0.00016572,0.00017339,0.00014736,0.00014411,0.00014778,0.00015279,0.00010572,6.40E-05,8.88E-05,0.00011242,3.27E-05,3.15E-05,4.16E-05,1.35E-05,2.99E-06,0,0,2.38E-06,1.27E-05,5.00E-06,0,0,0,0,0,0,0,0,0,0,0,0,0,0,0,0,0,0,0,0,0,0,0,0,0,0,0,0,0,0,0,0,0,0,0,0,0,0,0,0,0,0,0,0,0,0,0,0,0,0,0,0,0,0,0,0,0,0,0,0,0,0,0,0,0,0,0,0,0,0,0,0,0,0,0,0,0,0,0,0,0,0,0,0,0,0,0,0,0,0,0,0,0,0,0,0,0,0,0,0,0,0,0,0,0,0,0,0,0,0,0,0,0,0,0,0,0,0,0,0,0,0,0,0,0,0,0,0,0,0,0,0,0,0,0,0,0,0,0,0,0,0,0,0,0,0,0,0,0,0,0,0,0,0,0,0,0,0,0,0,0,0,0,0,0,0,0,0,0,0,0,0,0,0,0,0,0,0,0,0,0,0,0,0,0,0,0,0,0,0,0,0,0,0,0,0,0,0,0,0,0,0,0,0,0,0,0,0,0,0,0,0,0,0,0,0,0,0,0,0,0,0,0,0,0,0,0,0,0,0,0,0,0,0,0,0,0,0,0,0,0,0,0,0,0,0,0,0,0,0,0,0,0,0,0,0,0,0,0,0,0,0,0,0,0,0,0,0,0,0,0,0,0,0,0,0,0,0,0,0,0,0,0,0,0,0,0,0,0,0,0,0
0,0,0.00E+00,0.00E+00,0.00E+00,0.00E+00,0.00E+00,0.00E+00,0.00E+00,0.00E+00,0.00E+00,0.00E+00,0.00E+00,0.00E+00,0.00E+00,0.00E+00,0.00E+00,0.00E+00,0.00E+00,0.00E+00,0.00E+00,0.00E+00,0.00E+00,0.00E+00,0.00E+00,0.00E+00,0.00E+00,0.00E+00,0.00E+00,0.00E+00,0.00E+00,0.00E+00,0.00E+00,0.00E+00,0.00E+00,0.00E+00,0.00E+00,0.00E+00,0.00E+00,0.00E+00,0.00E+00,0.00E+00,0.00E+00,0.00E+00,0.00E+00,0.00E+00,0.00E+00,0.00E+00,0.00E+00,0.00E+00,0.00E+00,0.00E+00,0.00E+00,0.00E+00,0.00E+00,0.00E+00,0.00E+00,0.00E+00,0.00E+00,0.00E+00,0.00E+00,0.00E+00,0.00E+00,0.00E+00,0.00E+00,0.00E+00,0.00E+00,0.00E+00,0.00E+00,0.00E+00,0.00E+00,0.00E+00,0.00E+00,0.00E+00,0.00E+00,0.00E+00,0.00E+00,0.00E+00,0.00E+00,0.00E+00,0.00E+00,0.00E+00,0.00E+00,0.00E+00,0.00E+00,0.00E+00,0.00E+00,0.00E+00,0.00E+00,0.00E+00,0.00E+00,0.00E+00,0.00E+00,0.00E+00,0.00E+00,0.00E+00,0.00E+00,0.00E+00,0.00E+00,0.00E+00,0.00E+00,0.00E+00,0.00E+00,0.00E+00,0.00E+00,0.00E+00,0.00E+00,0.00E+00,0.00E+00,0.00E+00,0.00E+00,0.00E+00,0.00E+00,0.00E+00,0.00E+00,0.00E+00,0.00E+00,0.00E+00,0.00E+00,0.00E+00,0.00E+00,0.00E+00,0.00E+00,0.00E+00,0.00E+00,0.00E+00,0.00E+00,0.00E+00,0.00E+00,0.00E+00,0.00E+00,0.00E+00,0.00E+00,0.00E+00,0.00E+00,0.00E+00,0.00E+00,0.00E+00,0.00E+00,0.00E+00,0.00E+00,0.00E+00,0.00E+00,0.00E+00,0.00E+00,0.00E+00,0.00E+00,0.00E+00,0.00E+00,0.00E+00,0.00E+00,0.00E+00,0.00E+00,0.00E+00,0.00E+00,0.00E+00,0.00E+00,0.00E+00,0.00E+00,0.00E+00,0.00E+00,0.00E+00,0.00E+00,0.00E+00,0.00E+00,0.00E+00,0.00E+00,0.00E+00,0.00E+00,0.00E+00,0.00E+00,0.00E+00,0.00E+00,0.00E+00,0.00E+00,0.00E+00,0.00E+00,0.00E+00,0.00E+00,0.00E+00,0.00E+00,0.00E+00,0.00E+00,0.00E+00,0.00E+00,0.00E+00,0.00E+00,0.00E+00,0.00E+00,0.00E+00,0.00E+00,0.00E+00,0.00E+00,0.00E+00,0.00E+00,0.00E+00,0.00E+00,0.00E+00,0.00E+00,0.00E+00,0.00E+00,0.00E+00,0.00E+00,0.00E+00,0.00E+00,0.00E+00,0.00E+00,0.00E+00,0.00E+00,0.00E+00,0.00E+00,0.00E+00,0.00E+00,0.00E+00,0.00E+00,0.00E+00,0.00E+00,0.00E+00,0.00E+00,0.00E+00,0.00E+00,0.00E+00,0.00E+00,0.00E+00,0.00E+00,0.00E+00,0.00E+00,0.00E+00,0.00E+00,0.00E+00,0.00E+00,0.00E+00,0.00E+00,0.00E+00,0.00E+00,0.00E+00,0.00E+00,0.00E+00,0.00E+00,0.00E+00,0.00E+00,0.00E+00,0.00E+00,0.00E+00,0.00E+00,0.00E+00,0.00E+00,0.00E+00,0.00E+00,0.00E+00,0.00E+00,0.00E+00,0.00E+00,0.00E+00,0.00E+00,0.00E+00,0.00E+00,0.00E+00,0.00E+00,0.00E+00,0.00E+00,0.00E+00,0.00E+00,0.00E+00,0.00E+00,0.00E+00,0.00E+00,0.00E+00,0.00E+00,0.00E+00,0.00E+00,0.00E+00,0.00E+00,0.00E+00,0.00E+00,0.00E+00,0.00E+00,0.00E+00,0.00E+00,0.00E+00,0.00E+00,0.00E+00,0.00E+00,0.00E+00,0.00E+00,0.00E+00,0.00E+00,0.00E+00,0.00E+00,0.00E+00,0.00E+00,0.00E+00,0.00E+00,0.00E+00,0.00E+00,0.00E+00,0.00E+00,0.00E+00,0.00E+00,0.00E+00,0.00E+00,0.00E+00,0.00E+00,0.00E+00,0.00E+00,0.00E+00,0.00E+00,0.00E+00,0.00E+00,0.00E+00,0.00E+00,0.00E+00,0.00E+00,0.00E+00,0.00E+00,0.00E+00,0.00E+00,0.00E+00,0.00E+00,0.00E+00,0.00E+00,0.00E+00,0.00E+00,0.00E+00,0.00E+00,0.00E+00,0.00E+00,0.00E+00,0.00E+00,0.00E+00,0.00E+00,0.00E+00,0.00E+00,0.00E+00,0.00E+00,0.00E+00,0.00E+00,0.00E+00,0.00E+00,0.00E+00,0.00E+00,0.00E+00,0.00E+00,0.00E+00,0.00E+00,0.00E+00,0.00E+00,0.00E+00,0.00E+00,0.00E+00,0.00E+00,0.00E+00,0.00E+00,0.00E+00,0.00E+00,0.00E+00,0.00E+00,0.00E+00,0.00E+00,0.00E+00,0.00E+00,0.00E+00,0.00E+00,0.00E+00,0.00E+00,0.00E+00,0.00E+00,0.00E+00,0.00E+00,0.00E+00,0.00E+00,0.00E+00,0.00E+00,0.00E+00,0.00E+00,0.00E+00,0.00E+00,0.00E+00,0.00E+00,0.00E+00,0.00E+00,0.00E+00,0.00E+00,0.00E+00,0.00E+00,0.00E+00,0.00E+00,0.00E+00,0.00E+00,0.00E+00,0.00E+00,0.00E+00,0.00E+00,0.00E+00,0.00E+00,0.00E+00,0.00E+00,0.00E+00,0.00E+00,0.00E+00,0.00E+00,0.00E+00,0.00E+00
1,1023,6.14E-05,6.69E-05,5.96E-05,2.67E-05,0.00012527,3.68E-05,2.74E-05,7.10E-05,6.90E-05,0.00014982,4.83E-05,0.00012193,0.00011124,0.00011431,0.00015583,0.00018619,0.00026506,0.00034715,0.000334,0.00042162,0.00053919,0.00060941,0.00068819,0.00090565,0.0011604,0.0014256,0.0018087,0.0022191,0.0027985,0.0034489,0.0042416,0.0051536,0.0061199,0.0075286,0.0091007,0.010892,0.012669,0.014995,0.017804,0.020768,0.023557,0.026972,0.029493,0.031766,0.033114,0.033864,0.03428,0.032956,0.030879,0.028008,0.025458,0.022498,0.019739,0.017453,0.015583,0.013825,0.012282,0.01118,0.010068,0.009048,0.0081412,0.0071776,0.0063394,0.0055332,0.0049716,0.0043899,0.0037755,0.0033769,0.0028154,0.0024917,0.0022389,0.0019809,0.0016837,0.0016037,0.0014028,0.0012696,0.0011828,0.0009875,0.00093725,0.00073006,0.00066412,0.00058632,0.00051204,0.00044805,0.00049434,0.00042226,0.00035456,0.00029374,0.0002404,0.00025887,0.00023986,0.00017567,0.00020541,0.00016576,0.00016025,0.00016701,0.00015857,0.00012875,0.00018811,0.00012789,0.00012256,9.13E-05,9.46E-05,8.88E-05,9.25E-05,9.09E-05,5.81E-05,7.06E-05,2.70E-05,0.00011366,7.06E-05,5.72E-05,9.40E-05,8.58E-05,9.37E-05,3.48E-05,5.22E-05,4.28E-05,4.23E-05,3.21E-05,1.05E-05,3.88E-05,6.66E-05,4.97E-05,5.80E-05,1.97E-05,1.82E-05,3.99E-05,4.48E-05,1.71E-05,8.76E-05,4.15E-05,6.95E-05,2.70E-05,5.21E-05,3.91E-05,2.63E-05,2.75E-05,2.03E-05,5.31E-06,4.03E-05,1.38E-05,0,1.82E-05,3.68E-05,1.09E-05,5.08E-05,1.37E-05,0,0,7.92E-06,4.47E-05,2.69E-05,0,0,4.92E-05,4.39E-05,2.99E-05,7.50E-06,2.14E-08,8.59E-06,1.53E-06,3.67E-06,5.24E-06,4.21E-08,0,0,0,4.97E-06,1.92E-07,4.37E-05,6.23E-06,2.15E-05,5.72E-06,2.38E-07,9.68E-06,0,2.35E-06,9.95E-06,3.23E-05,1.21E-06,6.08E-06,2.60E-06,4.79E-05,6.31E-06,2.01E-05,5.86E-06,1.92E-05,2.69E-06,6.42E-07,5.31E-06,0,8.80E-06,1.14E-05,2.31E-06,2.25E-05,2.37E-05,1.28E-05,5.97E-07,3.12E-05,0,0,0,0,5.17E-06,1.72E-05,2.30E-06,7.41E-07,0,0,5.01E-06,5.84E-06,3.45E-05,0,1.46E-05,2.86E-05,0,0,5.49E-06,2.06E-05,6.86E-07,3.49E-07,0,2.94E-06,1.33E-05,6.71E-06,0,3.16E-05,3.30E-06,2.14E-05,1.07E-05,0,0,0,0,4.23E-05,6.00E-06,6.94E-06,4.03E-05,0,2.96E-06,4.33E-05,1.18E-06,5.59E-06,1.57E-06,2.40E-05,3.22E-05,0,0,0,9.58E-06,0,7.77E-06,1.13E-05,0,3.93E-06,0,0,0,0,0,0,6.54E-07,4.24E-07,2.01E-05,0,0,0,0,8.31E-06,0,0,0,0,0,0,0,0,0,0,0,0,0,2.71E-06,0,0,0,4.06E-05,0,0,0,0,0,4.18E-06,8.40E-06,0,2.59E-05,1.27E-06,1.09E-05,1.22E-05,0,0,7.73E-07,1.57E-06,0,0,0,0,0,0,0,0,0,0,0,0,0,0,0,0,0,0,0,6.95E-05,0,0,0,0,0,5.53E-07,7.37E-07,3.97E-06,0,0,0,0,0,0,0,0,0,0,0,1.04E-05,4.79E-06,0,0,1.63E-06,1.18E-06,0,0,0,0,0,0,0,0,0,0,3.69E-05,6.89E-06,4.80E-06,0,0,0,0,0,0,0,0,0,1.37E-07,5.90E-06,0,0,0,0,0,2.24E-05,3.58E-06,2.45E-05,9.62E-06,1.04E-05,0,0,0,0,0,0,4.79E-06,9.47E-06,0,6.06E-06,0,0,0,0,0,2.24E-05,2.08E-05,0
1,0,0.00E+00,0.00E+00,0.00E+00,0.00E+00,0.00E+00,0.00E+00,0.00E+00,0.00E+00,0.00E+00,0.00E+00,0.00E+00,0.00E+00,0.00E+00,0.00E+00,0.00E+00,0.00E+00,0.00E+00,0.00E+00,0.00E+00,0.00E+00,0.00E+00,0.00E+00,0.00E+00,0.00E+00,0.00E+00,0.00E+00,0.00E+00,0.00E+00,0.00E+00,0.00E+00,0.00E+00,0.00E+00,0.00E+00,0.00E+00,0.00E+00,0.00E+00,0.00E+00,0.00E+00,0.00E+00,0.00E+00,0.00E+00,0.00E+00,0.00E+00,0.00E+00,0.00E+00,0.00E+00,0.00E+00,0.00E+00,0.00E+00,0.00E+00,0.00E+00,0.00E+00,0.00E+00,0.00E+00,0.00E+00,0.00E+00,0.00E+00,0.00E+00,0.00E+00,0.00E+00,0.00E+00,0.00E+00,0.00E+00,0.00E+00,0.00E+00,0.00E+00,0.00E+00,0.00E+00,0.00E+00,0.00E+00,0.00E+00,0.00E+00,0.00E+00,0.00E+00,0.00E+00,0.00E+00,0.00E+00,0.00E+00,0.00E+00,0.00E+00,0.00E+00,0.00E+00,0.00E+00,0.00E+00,0.00E+00,0.00E+00,0.00E+00,0.00E+00,0.00E+00,0.00E+00,0.00E+00,0.00E+00,0.00E+00,0.00E+00,0.00E+00,0.00E+00,0.00E+00,0.00E+00,0.00E+00,0.00E+00,0.00E+00,0.00E+00,0.00E+00,0.00E+00,0.00E+00,0.00E+00,0.00E+00,0.00E+00,0.00E+00,0.00E+00,0.00E+00,0.00E+00,0.00E+00,0.00E+00,0.00E+00,0.00E+00,0.00E+00,0.00E+00,0.00E+00,0.00E+00,0.00E+00,0.00E+00,0.00E+00,0.00E+00,0.00E+00,0.00E+00,0.00E+00,0.00E+00,0.00E+00,0.00E+00,0.00E+00,0.00E+00,0.00E+00,0.00E+00,0.00E+00,0.00E+00,0.00E+00,0.00E+00,0.00E+00,0.00E+00,0.00E+00,0.00E+00,0.00E+00,0.00E+00,0.00E+00,0.00E+00,0.00E+00,0.00E+00,0.00E+00,0.00E+00,0.00E+00,0.00E+00,0.00E+00,0.00E+00,0.00E+00,0.00E+00,0.00E+00,0.00E+00,0.00E+00,0.00E+00,0.00E+00,0.00E+00,0.00E+00,0.00E+00,0.00E+00,0.00E+00,0.00E+00,0.00E+00,0.00E+00,0.00E+00,0.00E+00,0.00E+00,0.00E+00,0.00E+00,0.00E+00,0.00E+00,0.00E+00,0.00E+00,0.00E+00,0.00E+00,0.00E+00,0.00E+00,0.00E+00,0.00E+00,0.00E+00,0.00E+00,0.00E+00,0.00E+00,0.00E+00,0.00E+00,0.00E+00,0.00E+00,0.00E+00,0.00E+00,0.00E+00,0.00E+00,0.00E+00,0.00E+00,0.00E+00,0.00E+00,0.00E+00,0.00E+00,0.00E+00,0.00E+00,0.00E+00,0.00E+00,0.00E+00,0.00E+00,0.00E+00,0.00E+00,0.00E+00,0.00E+00,0.00E+00,0.00E+00,0.00E+00,0.00E+00,0.00E+00,0.00E+00,0.00E+00,0.00E+00,0.00E+00,0.00E+00,0.00E+00,0.00E+00,0.00E+00,0.00E+00,0.00E+00,0.00E+00,0.00E+00,0.00E+00,0.00E+00,0.00E+00,0.00E+00,0.00E+00,0.00E+00,0.00E+00,0.00E+00,0.00E+00,0.00E+00,0.00E+00,0.00E+00,0.00E+00,0.00E+00,0.00E+00,0.00E+00,0.00E+00,0.00E+00,0.00E+00,0.00E+00,0.00E+00,0.00E+00,0.00E+00,0.00E+00,0.00E+00,0.00E+00,0.00E+00,0.00E+00,0.00E+00,0.00E+00,0.00E+00,0.00E+00,0.00E+00,0.00E+00,0.00E+00,0.00E+00,0.00E+00,0.00E+00,0.00E+00,0.00E+00,0.00E+00,0.00E+00,0.00E+00,0.00E+00,0.00E+00,0.00E+00,0.00E+00,0.00E+00,0.00E+00,0.00E+00,0.00E+00,0.00E+00,0.00E+00,0.00E+00,0.00E+00,0.00E+00,0.00E+00,0.00E+00,0.00E+00,0.00E+00,0.00E+00,0.00E+00,0.00E+00,0.00E+00,0.00E+00,0.00E+00,0.00E+00,0.00E+00,0.00E+00,0.00E+00,0.00E+00,0.00E+00,0.00E+00,0.00E+00,0.00E+00,0.00E+00,0.00E+00,0.00E+00,0.00E+00,0.00E+00,0.00E+00,0.00E+00,0.00E+00,0.00E+00,0.00E+00,0.00E+00,0.00E+00,0.00E+00,0.00E+00,0.00E+00,0.00E+00,0.00E+00,0.00E+00,0.00E+00,0.00E+00,0.00E+00,0.00E+00,0.00E+00,0.00E+00,0.00E+00,0.00E+00,0.00E+00,0.00E+00,0.00E+00,0.00E+00,0.00E+00,0.00E+00,0.00E+00,0.00E+00,0.00E+00,0.00E+00,0.00E+00,0.00E+00,0.00E+00,0.00E+00,0.00E+00,0.00E+00,0.00E+00,0.00E+00,0.00E+00,0.00E+00,0.00E+00,0.00E+00,0.00E+00,0.00E+00,0.00E+00,0.00E+00,0.00E+00,0.00E+00,0.00E+00,0.00E+00,0.00E+00,0.00E+00,0.00E+00,0.00E+00,0.00E+00,0.00E+00,0.00E+00,0.00E+00,0.00E+00,0.00E+00,0.00E+00,0.00E+00,0.00E+00,0.00E+00,0.00E+00,0.00E+00,0.00E+00,0.00E+00,0.00E+00,0.00E+00,0.00E+00,0.00E+00,0.00E+00,0.00E+00,0.00E+00,0.00E+00,0.00E+00,0.00E+00,0.00E+00,0.00E+00,0.00E+00,0.00E+00,0.00E+00,0.00E+00,0.00E+00,0.00E+00,0.00E+00,0.00E+00,0.00E+00,0.00E+00,0.00E+00
2,1023,7.58E-05,0.00010362,5.19E-05,4.96E-06,2.08E-05,3.68E-05,0,4.93E-05,1.47E-05,5.56E-05,1.37E-05,1.76E-05,2.43E-05,1.81E-05,7.87E-05,4.70E-05,7.44E-07,2.57E-05,8.21E-05,4.18E-05,1.02E-05,3.69E-05,4.87E-05,7.57E-05,0.00010719,8.51E-05,0.00012635,0.00016024,0.00018031,0.00022101,0.00023011,0.00025423,0.00040761,0.00044398,0.00051051,0.00066017,0.00077904,0.00086985,0.0011151,0.0013475,0.0015273,0.0017944,0.0022265,0.0026398,0.0032084,0.0037768,0.0043534,0.0048994,0.0057743,0.0065484,0.0072838,0.0077847,0.0086576,0.0094059,0.010044,0.010835,0.011893,0.012529,0.013431,0.014613,0.015991,0.017194,0.018626,0.019988,0.020758,0.021925,0.022547,0.022746,0.022626,0.022005,0.020906,0.019515,0.01785,0.016008,0.014446,0.012707,0.011357,0.010119,0.0089761,0.0079619,0.0073159,0.0066124,0.0058996,0.0053656,0.0048943,0.004372,0.0038604,0.0035138,0.0030456,0.0027916,0.0024526,0.0021489,0.0019163,0.0016645,0.0014881,0.0013518,0.0012399,0.0011061,0.00096577,0.00091176,0.0008141,0.00073615,0.00065159,0.00068092,0.00053194,0.00044127,0.00045005,0.00039876,0.00036771,0.00034564,0.00031031,0.00026731,0.00025841,0.0002379,0.00018034,0.00018728,0.00015943,0.0001746,0.00015161,0.00016428,0.00012888,0.00012178,0.00012588,0.00012673,7.06E-05,8.79E-05,8.05E-05,8.33E-05,8.02E-05,9.79E-05,3.20E-05,4.87E-05,5.92E-05,4.82E-05,3.93E-05,7.96E-05,7.88E-05,3.71E-05,4.78E-05,4.91E-05,6.13E-05,6.71E-05,5.67E-05,4.73E-05,8.63E-05,5.14E-05,4.02E-05,5.15E-05,4.00E-05,3.47E-05,5.39E-05,3.01E-05,4.96E-05,4.72E-05,4.23E-05,3.67E-05,3.05E-05,0,3.63E-05,8.00E-07,3.54E-05,3.01E-05,2.68E-05,5.64E-05,3.08E-06,3.27E-05,1.35E-05,3.70E-05,9.73E-06,5.71E-05,1.57E-05,7.10E-06,3.51E-05,2.16E-05,2.06E-05,1.28E-05,1.90E-05,2.84E-05,4.95E-06,6.27E-07,1.26E-05,2.11E-05,3.05E-05,3.12E-06,2.11E-05,2.10E-05,1.76E-06,0,1.32E-05,3.77E-05,1.32E-05,5.45E-06,7.62E-06,1.75E-06,8.50E-06,1.08E-05,2.12E-05,1.07E-05,0,5.34E-06,2.34E-05,0,3.25E-06,3.98E-05,2.04E-05,2.67E-05,8.88E-06,7.23E-05,0,2.69E-06,9.80E-06,2.48E-06,3.30E-05,7.55E-07,1.16E-05,6.55E-06,1.88E-05,2.13E-05,3.87E-05,2.81E-05,0,2.38E-05,2.49E-05,0,0,1.01E-06,3.76E-07,2.28E-05,1.50E-05,3.54E-05,3.10E-05,2.78E-06,0,0,0,0,1.29E-05,2.38E-05,1.33E-05,2.43E-05,1.19E-05,1.48E-07,2.77E-05,1.07E-05,0,0,3.00E-08,5.52E-06,1.06E-05,0,3.27E-05,7.21E-06,1.04E-05,0,9.47E-06,4.45E-07,0,1.04E-05,1.03E-05,0,7.89E-07,1.35E-05,1.22E-05,1.49E-05,9.26E-07,1.85E-06,9.74E-06,1.86E-05,2.62E-05,1.44E-07,8.09E-06,2.18E-05,0,0,0,0,0,0,2.54E-05,2.01E-06,7.25E-06,3.65E-07,0,6.75E-07,9.04E-06,0,0,0,7.49E-07,3.02E-06,0,0,0,0,0,0,0,1.69E-06,0,0,0,1.02E-06,2.15E-05,6.28E-06,1.59E-05,1.25E-06,3.04E-06,1.50E-05,2.46E-06,0,0,0,6.12E-06,3.51E-06,9.81E-06,3.48E-06,0,2.66E-05,6.81E-06,2.96E-06,0,1.33E-05,6.55E-06,0,1.74E-06,0,0,0,0,0,0,0,4.09E-07,2.22E-05,0,0,0,0,0,0,9.88E-06,0,0,0,0,0,0,0,1.24E-05,1.68E-06,0,0,0,2.17E-05,0,0,0,0,0,1.67E-05,0,4.18E-05,5.02E-06,4.41E-06,1.82E-05,0,0,0,0,0,0,0,3.31E-06,6.77E-06,0,0,0,2.08E-05,1.67E-05,0,4.20E-05,6.90E-06,7.50E-06,0,2.50E-05,0,3.34E-05,1.33E-05,0,0,6.84E-07,3.74E-07,0,3.84E-05,0,2.84E-06,3.36E-07,0,0,0,0
2,0,0.00E+00,0.00E+00,0.00E+00,0.00E+00,0.00E+00,0.00E+00,0.00E+00,0.00E+00,0.00E+00,0.00E+00,0.00E+00,0.00E+00,0.00E+00,0.00E+00,0.00E+00,0.00E+00,0.00E+00,0.00E+00,0.00E+00,0.00E+00,0.00E+00,0.00E+00,0.00E+00,0.00E+00,0.00E+00,0.00E+00,0.00E+00,0.00E+00,0.00E+00,0.00E+00,0.00E+00,0.00E+00,0.00E+00,0.00E+00,0.00E+00,0.00E+00,0.00E+00,0.00E+00,0.00E+00,0.00E+00,0.00E+00,0.00E+00,0.00E+00,0.00E+00,0.00E+00,0.00E+00,0.00E+00,0.00E+00,0.00E+00,0.00E+00,0.00E+00,0.00E+00,0.00E+00,0.00E+00,0.00E+00,0.00E+00,0.00E+00,0.00E+00,0.00E+00,0.00E+00,0.00E+00,0.00E+00,0.00E+00,0.00E+00,0.00E+00,0.00E+00,0.00E+00,0.00E+00,0.00E+00,0.00E+00,0.00E+00,0.00E+00,0.00E+00,0.00E+00,0.00E+00,0.00E+00,0.00E+00,0.00E+00,0.00E+00,0.00E+00,0.00E+00,0.00E+00,0.00E+00,0.00E+00,0.00E+00,0.00E+00,0.00E+00,0.00E+00,0.00E+00,0.00E+00,0.00E+00,0.00E+00,0.00E+00,0.00E+00,0.00E+00,0.00E+00,0.00E+00,0.00E+00,0.00E+00,0.00E+00,0.00E+00,0.00E+00,0.00E+00,0.00E+00,0.00E+00,0.00E+00,0.00E+00,0.00E+00,0.00E+00,0.00E+00,0.00E+00,0.00E+00,0.00E+00,0.00E+00,0.00E+00,0.00E+00,0.00E+00,0.00E+00,0.00E+00,0.00E+00,0.00E+00,0.00E+00,0.00E+00,0.00E+00,0.00E+00,0.00E+00,0.00E+00,0.00E+00,0.00E+00,0.00E+00,0.00E+00,0.00E+00,0.00E+00,0.00E+00,0.00E+00,0.00E+00,0.00E+00,0.00E+00,0.00E+00,0.00E+00,0.00E+00,0.00E+00,0.00E+00,0.00E+00,0.00E+00,0.00E+00,0.00E+00,0.00E+00,0.00E+00,0.00E+00,0.00E+00,0.00E+00,0.00E+00,0.00E+00,0.00E+00,0.00E+00,0.00E+00,0.00E+00,0.00E+00,0.00E+00,0.00E+00,0.00E+00,0.00E+00,0.00E+00,0.00E+00,0.00E+00,0.00E+00,0.00E+00,0.00E+00,0.00E+00,0.00E+00,0.00E+00,0.00E+00,0.00E+00,0.00E+00,0.00E+00,0.00E+00,0.00E+00,0.00E+00,0.00E+00,0.00E+00,0.00E+00,0.00E+00,0.00E+00,0.00E+00,0.00E+00,0.00E+00,0.00E+00,0.00E+00,0.00E+00,0.00E+00,0.00E+00,0.00E+00,0.00E+00,0.00E+00,0.00E+00,0.00E+00,0.00E+00,0.00E+00,0.00E+00,0.00E+00,0.00E+00,0.00E+00,0.00E+00,0.00E+00,0.00E+00,0.00E+00,0.00E+00,0.00E+00,0.00E+00,0.00E+00,0.00E+00,0.00E+00,0.00E+00,0.00E+00,0.00E+00,0.00E+00,0.00E+00,0.00E+00,0.00E+00,0.00E+00,0.00E+00,0.00E+00,0.00E+00,0.00E+00,0.00E+00,0.00E+00,0.00E+00,0.00E+00,0.00E+00,0.00E+00,0.00E+00,0.00E+00,0.00E+00,0.00E+00,0.00E+00,0.00E+00,0.00E+00,0.00E+00,0.00E+00,0.00E+00,0.00E+00,0.00E+00,0.00E+00,0.00E+00,0.00E+00,0.00E+00,0.00E+00,0.00E+00,0.00E+00,0.00E+00,0.00E+00,0.00E+00,0.00E+00,0.00E+00,0.00E+00,0.00E+00,0.00E+00,0.00E+00,0.00E+00,0.00E+00,0.00E+00,0.00E+00,0.00E+00,0.00E+00,0.00E+00,0.00E+00,0.00E+00,0.00E+00,0.00E+00,0.00E+00,0.00E+00,0.00E+00,0.00E+00,0.00E+00,0.00E+00,0.00E+00,0.00E+00,0.00E+00,0.00E+00,0.00E+00,0.00E+00,0.00E+00,0.00E+00,0.00E+00,0.00E+00,0.00E+00,0.00E+00,0.00E+00,0.00E+00,0.00E+00,0.00E+00,0.00E+00,0.00E+00,0.00E+00,0.00E+00,0.00E+00,0.00E+00,0.00E+00,0.00E+00,0.00E+00,0.00E+00,0.00E+00,0.00E+00,0.00E+00,0.00E+00,0.00E+00,0.00E+00,0.00E+00,0.00E+00,0.00E+00,0.00E+00,0.00E+00,0.00E+00,0.00E+00,0.00E+00,0.00E+00,0.00E+00,0.00E+00,0.00E+00,0.00E+00,0.00E+00,0.00E+00,0.00E+00,0.00E+00,0.00E+00,0.00E+00,0.00E+00,0.00E+00,0.00E+00,0.00E+00,0.00E+00,0.00E+00,0.00E+00,0.00E+00,0.00E+00,0.00E+00,0.00E+00,0.00E+00,0.00E+00,0.00E+00,0.00E+00,0.00E+00,0.00E+00,0.00E+00,0.00E+00,0.00E+00,0.00E+00,0.00E+00,0.00E+00,0.00E+00,0.00E+00,0.00E+00,0.00E+00,0.00E+00,0.00E+00,0.00E+00,0.00E+00,0.00E+00,0.00E+00,0.00E+00,0.00E+00,0.00E+00,0.00E+00,0.00E+00,0.00E+00,0.00E+00,0.00E+00,0.00E+00,0.00E+00,0.00E+00,0.00E+00,0.00E+00,0.00E+00,0.00E+00,0.00E+00,0.00E+00,0.00E+00,0.00E+00,0.00E+00,0.00E+00,0.00E+00,0.00E+00,0.00E+00,0.00E+00,0.00E+00,0.00E+00,0.00E+00,0.00E+00,0.00E+00,0.00E+00,0.00E+00,0.00E+00,0.00E+00,0.00E+00,0.00E+00,0.00E+00,0.00E+00,0.00E+00,0.00E+00,0.00E+00
3,1023,2.44E-05,6.15E-06,1.90E-06,4.13E-06,2.93E-06,1.14E-05,1.32E-05,1.47E-05,3.95E-06,2.35E-05,1.04E-05,4.30E-07,0,0,0,2.19E-05,7.62E-06,1.41E-05,7.92E-06,1.43E-05,0,0,1.66E-06,1.23E-05,4.24E-06,5.28E-06,1.11E-05,9.15E-06,1.56E-05,1.90E-05,1.24E-06,9.68E-07,1.45E-05,1.46E-05,4.09E-06,3.33E-05,1.51E-05,3.17E-05,2.26E-05,1.20E-05,1.50E-05,2.56E-05,2.51E-05,3.30E-05,3.68E-05,5.34E-05,5.61E-05,6.44E-05,9.98E-05,0.00010614,0.0001045,0.00014458,0.00017607,0.00021937,0.00025936,0.00031962,0.00039262,0.00040135,0.0005196,0.00060732,0.00069535,0.00082523,0.00096335,0.0011037,0.0012524,0.0013956,0.0016181,0.0018185,0.0020518,0.0023109,0.002554,0.0028734,0.0031283,0.0034424,0.0038014,0.0041551,0.004566,0.0049246,0.0052765,0.0057845,0.0062133,0.0066656,0.0071876,0.0076206,0.008245,0.0086098,0.0090025,0.0094555,0.0098094,0.010317,0.010618,0.010885,0.011078,0.011312,0.011266,0.011208,0.010998,0.010762,0.010411,0.0099892,0.0097254,0.0090985,0.0085974,0.0081383,0.0075095,0.0070565,0.0065662,0.006079,0.0055949,0.0051146,0.0048029,0.0043502,0.0040835,0.0037541,0.0034653,0.0031657,0.0029704,0.0027143,0.0025014,0.0023627,0.0020659,0.001872,0.0017633,0.0016065,0.0014104,0.0013481,0.001248,0.0011324,0.0010021,0.00093961,0.00083957,0.00077301,0.00071795,0.00066821,0.00057757,0.00054751,0.00051039,0.0004804,0.00043523,0.00039616,0.00037497,0.0003337,0.00030488,0.00027064,0.00024547,0.00025061,0.00022343,0.0002104,0.00018718,0.00016935,0.00016127,0.00013966,0.00014241,0.00013478,0.00013733,0.00012324,0.00010286,0.00010939,0.00011031,8.46E-05,8.30E-05,8.04E-05,5.98E-05,8.50E-05,4.49E-05,5.87E-05,6.12E-05,7.64E-05,5.10E-05,6.83E-05,5.36E-05,4.73E-05,4.64E-05,4.07E-05,5.47E-05,4.16E-05,3.63E-05,5.04E-05,3.00E-05,5.35E-05,3.36E-05,3.56E-05,3.70E-05,1.63E-05,2.06E-06,3.25E-05,3.41E-05,2.77E-05,3.03E-05,2.11E-05,2.89E-05,1.01E-05,7.33E-06,1.96E-05,1.82E-05,1.26E-05,1.52E-05,1.28E-05,2.50E-05,2.12E-05,4.49E-06,2.05E-05,1.79E-05,1.57E-05,1.80E-05,7.80E-06,9.22E-06,9.18E-06,5.49E-06,0,7.06E-06,5.88E-06,0,1.36E-05,1.90E-06,0,0,2.29E-05,5.08E-06,8.63E-06,2.29E-05,5.00E-06,1.90E-05,9.62E-06,0,7.08E-06,2.63E-06,1.32E-06,8.00E-06,2.41E-06,2.11E-06,1.79E-05,7.91E-06,6.41E-06,6.42E-06,2.20E-06,1.53E-05,0,1.45E-07,9.16E-07,3.24E-07,2.41E-05,1.71E-05,5.37E-07,8.59E-06,2.56E-06,0,0,0,5.74E-06,1.25E-05,0,0,0,6.09E-06,2.86E-07,2.04E-06,7.57E-06,7.08E-07,0,2.56E-07,4.40E-06,4.80E-06,5.34E-06,2.95E-07,0,0,6.99E-06,2.80E-06,1.06E-05,4.04E-06,2.80E-06,2.31E-06,8.09E-07,4.73E-06,2.84E-07,3.40E-06,1.48E-06,0,2.73E-06,5.82E-06,5.66E-06,1.63E-05,0,0,0,0,0,1.02E-05,3.08E-06,3.33E-06,1.19E-06,0,3.67E-06,1.21E-05,2.92E-06,0,1.44E-06,7.72E-06,1.63E-06,0,0,0,1.21E-05,7.46E-06,9.33E-07,9.91E-06,0,0,5.46E-06,1.27E-05,0,0,4.10E-06,2.29E-06,2.17E-06,0,0,0,0,4.69E-07,7.69E-07,0,0,0,2.08E-06,8.48E-06,1.27E-06,7.40E-06,0,2.18E-06,8.38E-07,0,0,0,0,0,0,0,0,0,0,0,0,0,0,0,0,0,0,0,0,0,0,0,0,0,0,0,0,0,0,0,0,0,0,0,0,0,0,0,0,0,0,0,0,0,0,0,0,0,0,0,0,0,0,0,0,0,0,0,0,0,0,0,0,0,0,0,0,0
3,0,0.00E+00,0.00E+00,0.00E+00,0.00E+00,0.00E+00,0.00E+00,0.00E+00,0.00E+00,0.00E+00,0.00E+00,0.00E+00,0.00E+00,0.00E+00,0.00E+00,0.00E+00,0.00E+00,0.00E+00,0.00E+00,0.00E+00,0.00E+00,0.00E+00,0.00E+00,0.00E+00,0.00E+00,0.00E+00,0.00E+00,0.00E+00,0.00E+00,0.00E+00,0.00E+00,0.00E+00,0.00E+00,0.00E+00,0.00E+00,0.00E+00,0.00E+00,0.00E+00,0.00E+00,0.00E+00,0.00E+00,0.00E+00,0.00E+00,0.00E+00,0.00E+00,0.00E+00,0.00E+00,0.00E+00,0.00E+00,0.00E+00,0.00E+00,0.00E+00,0.00E+00,0.00E+00,0.00E+00,0.00E+00,0.00E+00,0.00E+00,0.00E+00,0.00E+00,0.00E+00,0.00E+00,0.00E+00,0.00E+00,0.00E+00,0.00E+00,0.00E+00,0.00E+00,0.00E+00,0.00E+00,0.00E+00,0.00E+00,0.00E+00,0.00E+00,0.00E+00,0.00E+00,0.00E+00,0.00E+00,0.00E+00,0.00E+00,0.00E+00,0.00E+00,0.00E+00,0.00E+00,0.00E+00,0.00E+00,0.00E+00,0.00E+00,0.00E+00,0.00E+00,0.00E+00,0.00E+00,0.00E+00,0.00E+00,0.00E+00,0.00E+00,0.00E+00,0.00E+00,0.00E+00,0.00E+00,0.00E+00,0.00E+00,0.00E+00,0.00E+00,0.00E+00,0.00E+00,0.00E+00,0.00E+00,0.00E+00,0.00E+00,0.00E+00,0.00E+00,0.00E+00,0.00E+00,0.00E+00,0.00E+00,0.00E+00,0.00E+00,0.00E+00,0.00E+00,0.00E+00,0.00E+00,0.00E+00,0.00E+00,0.00E+00,0.00E+00,0.00E+00,0.00E+00,0.00E+00,0.00E+00,0.00E+00,0.00E+00,0.00E+00,0.00E+00,0.00E+00,0.00E+00,0.00E+00,0.00E+00,0.00E+00,0.00E+00,0.00E+00,0.00E+00,0.00E+00,0.00E+00,0.00E+00,0.00E+00,0.00E+00,0.00E+00,0.00E+00,0.00E+00,0.00E+00,0.00E+00,0.00E+00,0.00E+00,0.00E+00,0.00E+00,0.00E+00,0.00E+00,0.00E+00,0.00E+00,0.00E+00,0.00E+00,0.00E+00,0.00E+00,0.00E+00,0.00E+00,0.00E+00,0.00E+00,0.00E+00,0.00E+00,0.00E+00,0.00E+00,0.00E+00,0.00E+00,0.00E+00,0.00E+00,0.00E+00,0.00E+00,0.00E+00,0.00E+00,0.00E+00,0.00E+00,0.00E+00,0.00E+00,0.00E+00,0.00E+00,0.00E+00,0.00E+00,0.00E+00,0.00E+00,0.00E+00,0.00E+00,0.00E+00,0.00E+00,0.00E+00,0.00E+00,0.00E+00,0.00E+00,0.00E+00,0.00E+00,0.00E+00,0.00E+00,0.00E+00,0.00E+00,0.00E+00,0.00E+00,0.00E+00,0.00E+00,0.00E+00,0.00E+00,0.00E+00,0.00E+00,0.00E+00,0.00E+00,0.00E+00,0.00E+00,0.00E+00,0.00E+00,0.00E+00,0.00E+00,0.00E+00,0.00E+00,0.00E+00,0.00E+00,0.00E+00,0.00E+00,0.00E+00,0.00E+00,0.00E+00,0.00E+00,0.00E+00,0.00E+00,0.00E+00,0.00E+00,0.00E+00,0.00E+00,0.00E+00,0.00E+00,0.00E+00,0.00E+00,0.00E+00,0.00E+00,0.00E+00,0.00E+00,0.00E+00,0.00E+00,0.00E+00,0.00E+00,0.00E+00,0.00E+00,0.00E+00,0.00E+00,0.00E+00,0.00E+00,0.00E+00,0.00E+00,0.00E+00,0.00E+00,0.00E+00,0.00E+00,0.00E+00,0.00E+00,0.00E+00,0.00E+00,0.00E+00,0.00E+00,0.00E+00,0.00E+00,0.00E+00,0.00E+00,0.00E+00,0.00E+00,0.00E+00,0.00E+00,0.00E+00,0.00E+00,0.00E+00,0.00E+00,0.00E+00,0.00E+00,0.00E+00,0.00E+00,0.00E+00,0.00E+00,0.00E+00,0.00E+00,0.00E+00,0.00E+00,0.00E+00,0.00E+00,0.00E+00,0.00E+00,0.00E+00,0.00E+00,0.00E+00,0.00E+00,0.00E+00,0.00E+00,0.00E+00,0.00E+00,0.00E+00,0.00E+00,0.00E+00,0.00E+00,0.00E+00,0.00E+00,0.00E+00,0.00E+00,0.00E+00,0.00E+00,0.00E+00,0.00E+00,0.00E+00,0.00E+00,0.00E+00,0.00E+00,0.00E+00,0.00E+00,0.00E+00,0.00E+00,0.00E+00,0.00E+00,0.00E+00,0.00E+00,0.00E+00,0.00E+00,0.00E+00,0.00E+00,0.00E+00,0.00E+00,0.00E+00,0.00E+00,0.00E+00,0.00E+00,0.00E+00,0.00E+00,0.00E+00,0.00E+00,0.00E+00,0.00E+00,0.00E+00,0.00E+00,0.00E+00,0.00E+00,0.00E+00,0.00E+00,0.00E+00,0.00E+00,0.00E+00,0.00E+00,0.00E+00,0.00E+00,0.00E+00,0.00E+00,0.00E+00,0.00E+00,0.00E+00,0.00E+00,0.00E+00,0.00E+00,0.00E+00,0.00E+00,0.00E+00,0.00E+00,0.00E+00,0.00E+00,0.00E+00,0.00E+00,0.00E+00,0.00E+00,0.00E+00,0.00E+00,0.00E+00,0.00E+00,0.00E+00,0.00E+00,0.00E+00,0.00E+00,0.00E+00,0.00E+00,0.00E+00,0.00E+00,0.00E+00,0.00E+00,0.00E+00,0.00E+00,0.00E+00,0.00E+00,0.00E+00,0.00E+00,0.00E+00,0.00E+00,0.00E+00,0.00E+00,0.00E+00,0.00E+00,0.00E+00,0.00E+00,0.00E+00,0.00E+00,0.00E+00,0.00E+00
4,1023,0,1.03E-05,1.37E-05,1.76E-05,2.22E-05,3.68E-06,0,8.12E-06,2.42E-06,0,0,0,0,0,0,4.29E-06,1.12E-05,6.26E-06,4.03E-06,2.02E-05,0,8.13E-07,1.18E-05,8.78E-06,1.19E-05,2.09E-05,2.68E-06,4.49E-06,1.97E-06,0,0,0,0,0,0,0,1.39E-05,3.79E-06,0,7.68E-06,2.20E-06,2.90E-06,1.67E-06,4.46E-06,1.36E-05,8.91E-06,3.23E-07,1.71E-05,0,9.46E-06,8.60E-06,6.54E-06,2.72E-06,1.33E-05,4.35E-06,2.37E-06,0,1.10E-05,1.34E-06,3.32E-06,0,2.05E-05,1.56E-05,3.08E-06,2.01E-05,1.12E-05,9.44E-06,2.31E-05,3.30E-05,1.73E-05,2.41E-05,4.06E-05,4.58E-05,5.79E-05,3.89E-05,4.46E-05,6.78E-05,7.82E-05,7.53E-05,7.90E-05,0.00010986,0.00013856,0.00015231,0.00015523,0.0001802,0.00022315,0.00025056,0.00028088,0.00033899,0.00038275,0.00043504,0.00049469,0.00057128,0.00063347,0.00073413,0.0008108,0.00090852,0.0010416,0.0012078,0.0013089,0.001517,0.0017205,0.0019008,0.0021042,0.0023834,0.002696,0.0029415,0.0032275,0.0035102,0.0039764,0.0043448,0.0046687,0.0051477,0.0054824,0.0059228,0.0061839,0.0066777,0.0069371,0.0071484,0.0075097,0.0076538,0.0078112,0.0079308,0.0079103,0.007804,0.0077116,0.0075498,0.007352,0.0071114,0.0067603,0.0065211,0.0062301,0.0058906,0.0054894,0.0052402,0.0049337,0.0045815,0.0043215,0.0040505,0.0037734,0.0035966,0.0033599,0.0031182,0.0029497,0.0026915,0.0025693,0.0023626,0.0021913,0.0020692,0.0019066,0.0017829,0.0016478,0.0015252,0.0014203,0.0013035,0.0012097,0.0011052,0.0010195,0.00096775,0.00088147,0.00080943,0.00074542,0.00073032,0.00063968,0.00061773,0.00058007,0.00051796,0.00050235,0.00046158,0.00040678,0.00039998,0.00035318,0.00032877,0.00031298,0.00027846,0.00026734,0.00023181,0.00022182,0.00020356,0.00019368,0.00019415,0.00018569,0.00015326,0.00013568,0.0001533,0.00012231,0.00012072,0.00010729,9.81E-05,0.00010491,0.00010735,9.10E-05,7.93E-05,6.23E-05,6.08E-05,7.04E-05,7.09E-05,6.46E-05,4.37E-05,3.81E-05,4.67E-05,4.82E-05,3.91E-05,4.06E-05,3.90E-05,3.86E-05,2.84E-05,2.28E-05,3.21E-05,2.09E-05,3.51E-05,2.24E-05,1.86E-05,1.67E-05,1.39E-05,9.89E-06,1.36E-05,1.05E-05,1.47E-05,1.74E-05,2.25E-05,2.21E-05,1.50E-05,1.35E-05,7.95E-06,1.96E-05,1.74E-05,1.21E-05,2.27E-05,9.83E-06,3.52E-06,1.34E-05,1.90E-05,1.31E-06,2.59E-06,2.89E-06,3.05E-05,4.54E-06,1.64E-06,1.21E-06,8.47E-06,9.46E-06,1.69E-06,1.78E-05,1.65E-05,1.30E-06,9.38E-06,6.85E-06,1.75E-05,8.72E-06,5.60E-06,1.29E-06,8.40E-06,0,0,1.08E-05,2.87E-06,7.52E-06,5.01E-06,1.27E-05,4.15E-06,5.80E-07,0,6.27E-06,8.29E-07,1.74E-06,9.13E-06,0,1.61E-05,1.23E-07,1.94E-06,5.24E-06,9.85E-06,2.08E-05,1.58E-06,1.49E-05,2.71E-06,1.32E-05,7.52E-07,4.22E-06,9.82E-06,6.26E-06,1.69E-06,1.11E-06,1.58E-05,1.67E-06,1.47E-06,5.22E-07,4.90E-06,0,2.98E-06,9.14E-07,8.45E-06,7.74E-06,3.84E-06,2.38E-06,0,0,0,7.28E-06,9.94E-06,0,6.63E-07,1.34E-06,3.64E-06,1.58E-06,4.06E-06,0,5.22E-07,1.57E-07,0,0,0,2.07E-05,8.81E-06,0,0,8.36E-07,5.93E-06,2.59E-06,9.34E-06,6.66E-06,3.28E-06,1.44E-05,1.12E-06,0,3.66E-06,6.89E-07,9.73E-06,0,0,0,0,0,0,0,0,0,0,0,0,0,4.57E-07,7.25E-07,0,0,5.83E-06,1.44E-06,0,0,3.12E-06,1.43E-05,0,0,2.00E-06,1.09E-06,1.78E-06,3.66E-06,5.50E-08,1.91E-06,4.76E-06,0,0,0,0,8.16E-06,2.00E-06,0,2.99E-06,4.26E-06,8.74E-07,0,0,5.49E-06,3.16E-06,5.40E-06,0,0,0,0,0,0,0,0,0,0,0,0,0,0,0,3.05E-06,1.32E-07,0,0,1.91E-05,2.26E-06,1.97E-06,7.60E-06,0,0
4,0,0.00E+00,0.00E+00,0.00E+00,0.00E+00,0.00E+00,0.00E+00,0.00E+00,0.00E+00,0.00E+00,0.00E+00,0.00E+00,0.00E+00,0.00E+00,0.00E+00,0.00E+00,0.00E+00,0.00E+00,0.00E+00,0.00E+00,0.00E+00,0.00E+00,0.00E+00,0.00E+00,0.00E+00,0.00E+00,0.00E+00,0.00E+00,0.00E+00,0.00E+00,0.00E+00,0.00E+00,0.00E+00,0.00E+00,0.00E+00,0.00E+00,0.00E+00,0.00E+00,0.00E+00,0.00E+00,0.00E+00,0.00E+00,0.00E+00,0.00E+00,0.00E+00,0.00E+00,0.00E+00,0.00E+00,0.00E+00,0.00E+00,0.00E+00,0.00E+00,0.00E+00,0.00E+00,0.00E+00,0.00E+00,0.00E+00,0.00E+00,0.00E+00,0.00E+00,0.00E+00,0.00E+00,0.00E+00,0.00E+00,0.00E+00,0.00E+00,0.00E+00,0.00E+00,0.00E+00,0.00E+00,0.00E+00,0.00E+00,0.00E+00,0.00E+00,0.00E+00,0.00E+00,0.00E+00,0.00E+00,0.00E+00,0.00E+00,0.00E+00,0.00E+00,0.00E+00,0.00E+00,0.00E+00,0.00E+00,0.00E+00,0.00E+00,0.00E+00,0.00E+00,0.00E+00,0.00E+00,0.00E+00,0.00E+00,0.00E+00,0.00E+00,0.00E+00,0.00E+00,0.00E+00,0.00E+00,0.00E+00,0.00E+00,0.00E+00,0.00E+00,0.00E+00,0.00E+00,0.00E+00,0.00E+00,0.00E+00,0.00E+00,0.00E+00,0.00E+00,0.00E+00,0.00E+00,0.00E+00,0.00E+00,0.00E+00,0.00E+00,0.00E+00,0.00E+00,0.00E+00,0.00E+00,0.00E+00,0.00E+00,0.00E+00,0.00E+00,0.00E+00,0.00E+00,0.00E+00,0.00E+00,0.00E+00,0.00E+00,0.00E+00,0.00E+00,0.00E+00,0.00E+00,0.00E+00,0.00E+00,0.00E+00,0.00E+00,0.00E+00,0.00E+00,0.00E+00,0.00E+00,0.00E+00,0.00E+00,0.00E+00,0.00E+00,0.00E+00,0.00E+00,0.00E+00,0.00E+00,0.00E+00,0.00E+00,0.00E+00,0.00E+00,0.00E+00,0.00E+00,0.00E+00,0.00E+00,0.00E+00,0.00E+00,0.00E+00,0.00E+00,0.00E+00,0.00E+00,0.00E+00,0.00E+00,0.00E+00,0.00E+00,0.00E+00,0.00E+00,0.00E+00,0.00E+00,0.00E+00,0.00E+00,0.00E+00,0.00E+00,0.00E+00,0.00E+00,0.00E+00,0.00E+00,0.00E+00,0.00E+00,0.00E+00,0.00E+00,0.00E+00,0.00E+00,0.00E+00,0.00E+00,0.00E+00,0.00E+00,0.00E+00,0.00E+00,0.00E+00,0.00E+00,0.00E+00,0.00E+00,0.00E+00,0.00E+00,0.00E+00,0.00E+00,0.00E+00,0.00E+00,0.00E+00,0.00E+00,0.00E+00,0.00E+00,0.00E+00,0.00E+00,0.00E+00,0.00E+00,0.00E+00,0.00E+00,0.00E+00,0.00E+00,0.00E+00,0.00E+00,0.00E+00,0.00E+00,0.00E+00,0.00E+00,0.00E+00,0.00E+00,0.00E+00,0.00E+00,0.00E+00,0.00E+00,0.00E+00,0.00E+00,0.00E+00,0.00E+00,0.00E+00,0.00E+00,0.00E+00,0.00E+00,0.00E+00,0.00E+00,0.00E+00,0.00E+00,0.00E+00,0.00E+00,0.00E+00,0.00E+00,0.00E+00,0.00E+00,0.00E+00,0.00E+00,0.00E+00,0.00E+00,0.00E+00,0.00E+00,0.00E+00,0.00E+00,0.00E+00,0.00E+00,0.00E+00,0.00E+00,0.00E+00,0.00E+00,0.00E+00,0.00E+00,0.00E+00,0.00E+00,0.00E+00,0.00E+00,0.00E+00,0.00E+00,0.00E+00,0.00E+00,0.00E+00,0.00E+00,0.00E+00,0.00E+00,0.00E+00,0.00E+00,0.00E+00,0.00E+00,0.00E+00,0.00E+00,0.00E+00,0.00E+00,0.00E+00,0.00E+00,0.00E+00,0.00E+00,0.00E+00,0.00E+00,0.00E+00,0.00E+00,0.00E+00,0.00E+00,0.00E+00,0.00E+00,0.00E+00,0.00E+00,0.00E+00,0.00E+00,0.00E+00,0.00E+00,0.00E+00,0.00E+00,0.00E+00,0.00E+00,0.00E+00,0.00E+00,0.00E+00,0.00E+00,0.00E+00,0.00E+00,0.00E+00,0.00E+00,0.00E+00,0.00E+00,0.00E+00,0.00E+00,0.00E+00,0.00E+00,0.00E+00,0.00E+00,0.00E+00,0.00E+00,0.00E+00,0.00E+00,0.00E+00,0.00E+00,0.00E+00,0.00E+00,0.00E+00,0.00E+00,0.00E+00,0.00E+00,0.00E+00,0.00E+00,0.00E+00,0.00E+00,0.00E+00,0.00E+00,0.00E+00,0.00E+00,0.00E+00,0.00E+00,0.00E+00,0.00E+00,0.00E+00,0.00E+00,0.00E+00,0.00E+00,0.00E+00,0.00E+00,0.00E+00,0.00E+00,0.00E+00,0.00E+00,0.00E+00,0.00E+00,0.00E+00,0.00E+00,0.00E+00,0.00E+00,0.00E+00,0.00E+00,0.00E+00,0.00E+00,0.00E+00,0.00E+00,0.00E+00,0.00E+00,0.00E+00,0.00E+00,0.00E+00,0.00E+00,0.00E+00,0.00E+00,0.00E+00,0.00E+00,0.00E+00,0.00E+00,0.00E+00,0.00E+00,0.00E+00,0.00E+00,0.00E+00,0.00E+00,0.00E+00,0.00E+00,0.00E+00,0.00E+00,0.00E+00,0.00E+00,0.00E+00,0.00E+00,0.00E+00,0.00E+00,0.00E+00,0.00E+00,0.00E+00,0.00E+00,0.00E+00,0.00E+00,0.00E+00,0.00E+00
5,1023,0,0,0,0,0,0,0,0,0,0,2.22E-06,7.48E-06,0,0,0,2.30E-06,0,0,1.68E-06,3.23E-07,3.79E-07,7.63E-07,0,4.25E-06,5.24E-06,3.33E-08,0,8.11E-07,9.68E-07,6.03E-06,5.39E-07,1.52E-06,9.69E-06,1.66E-06,1.23E-06,1.53E-06,7.53E-06,3.73E-07,4.87E-06,6.72E-06,9.56E-07,4.71E-08,6.86E-06,7.71E-06,1.83E-06,9.22E-06,6.31E-06,1.39E-05,0,1.47E-07,7.66E-06,1.04E-06,2.68E-05,0,0,5.95E-06,1.33E-06,1.13E-08,2.06E-07,2.72E-06,2.48E-06,6.65E-06,1.89E-06,7.16E-06,1.65E-06,5.99E-07,8.46E-06,5.43E-07,4.17E-06,1.35E-05,4.99E-06,4.88E-06,6.36E-07,1.13E-05,4.57E-06,1.67E-05,9.74E-06,1.58E-05,1.75E-05,2.01E-05,1.82E-05,2.20E-05,2.88E-05,1.81E-05,4.23E-05,2.75E-05,4.06E-05,4.97E-05,3.51E-05,5.36E-05,5.83E-05,6.13E-05,6.39E-05,7.87E-05,7.90E-05,9.79E-05,9.82E-05,0.00010759,0.00013021,0.00014672,0.00015538,0.00018099,0.00020751,0.00023824,0.00027337,0.00029626,0.00033085,0.00036835,0.00040171,0.0004536,0.00051696,0.00057101,0.00066627,0.00073709,0.00080891,0.00092622,0.0010353,0.0011356,0.0012297,0.0014187,0.0015539,0.0016756,0.0018783,0.002037,0.0022261,0.002444,0.0026573,0.0029025,0.0031163,0.0033334,0.0035929,0.0038611,0.0040549,0.0042889,0.0045522,0.0048274,0.0049994,0.0051397,0.0053369,0.005411,0.0055952,0.0056129,0.0056574,0.0057301,0.0057075,0.005612,0.0055044,0.0053739,0.0052505,0.0050585,0.0048998,0.004702,0.0044953,0.0043258,0.0040725,0.0039109,0.0036629,0.0034957,0.0032978,0.003151,0.0029472,0.0027681,0.0026394,0.0025012,0.0024158,0.0022088,0.0020797,0.0019934,0.0018312,0.0017363,0.0016379,0.001557,0.0014413,0.001349,0.0012805,0.0011969,0.001102,0.0010481,0.00093777,0.00089049,0.00082992,0.00078064,0.00071981,0.00067215,0.00063648,0.000601,0.0005634,0.00051361,0.00047696,0.00043428,0.00041925,0.00038947,0.00036222,0.00034379,0.00031457,0.00030292,0.00028385,0.00027207,0.00024741,0.00021032,0.00019851,0.00019267,0.00018455,0.00016525,0.00016836,0.00014691,0.00013254,0.00011875,0.00012061,0.00012203,0.00010307,9.90E-05,9.56E-05,9.45E-05,8.12E-05,8.24E-05,6.10E-05,6.51E-05,7.29E-05,6.25E-05,5.46E-05,5.38E-05,3.85E-05,5.28E-05,3.85E-05,4.59E-05,4.75E-05,3.17E-05,4.18E-05,3.12E-05,2.42E-05,3.13E-05,2.57E-05,2.22E-05,2.39E-05,1.94E-05,2.37E-05,1.62E-05,2.30E-05,1.34E-05,2.01E-05,1.43E-05,2.12E-05,1.54E-05,1.43E-05,1.41E-05,1.59E-05,1.24E-05,1.04E-05,7.08E-06,5.05E-06,9.86E-06,7.25E-06,1.17E-05,5.21E-06,4.41E-06,6.05E-06,1.40E-05,5.54E-06,6.76E-06,5.05E-06,1.24E-05,5.36E-06,7.64E-07,0,0,0,0,1.17E-05,8.12E-06,1.41E-05,4.32E-06,7.55E-06,8.32E-07,9.65E-06,2.83E-06,3.26E-06,3.77E-06,4.56E-06,1.31E-06,4.47E-06,4.73E-06,7.47E-06,0,0,0,0,0,0,0,0,0,0,6.08E-06,1.22E-05,0,0,0,0,0,4.85E-07,0,6.19E-07,1.25E-06,0,0,0,1.71E-06,1.85E-06,0,0,0,0,0,0,4.02E-06,3.25E-06,0,0,0,3.66E-06,6.00E-06,6.24E-06,5.92E-06,3.86E-07,1.13E-06,0,0,1.24E-05,4.42E-07,4.52E-06,1.51E-06,0,0,0,0,0,0,0,0,0,0,0,0,0,0,7.88E-07,2.02E-06,0,0,1.42E-05,2.04E-06,2.23E-06,0,1.63E-07,1.84E-06,6.68E-06,3.11E-06,5.59E-06,8.37E-08,4.00E-06,2.64E-06,0,0,0,0,2.63E-06,0,0,4.07E-06,1.61E-06,0,0,0,0,0,0,0,0,0,4.20E-07,2.05E-06,0,0,0,5.04E-07,7.40E-07,0,0,3.19E-07,6.32E-07,0,0,1.28E-06,3.48E-06,0,0,0,0,0,0
5,0,0.00E+00,0.00E+00,0.00E+00,0.00E+00,0.00E+00,0.00E+00,0.00E+00,0.00E+00,0.00E+00,0.00E+00,0.00E+00,0.00E+00,0.00E+00,0.00E+00,0.00E+00,0.00E+00,0.00E+00,0.00E+00,0.00E+00,0.00E+00,0.00E+00,0.00E+00,0.00E+00,0.00E+00,0.00E+00,0.00E+00,0.00E+00,0.00E+00,0.00E+00,0.00E+00,0.00E+00,0.00E+00,0.00E+00,0.00E+00,0.00E+00,0.00E+00,0.00E+00,0.00E+00,0.00E+00,0.00E+00,0.00E+00,0.00E+00,0.00E+00,0.00E+00,0.00E+00,0.00E+00,0.00E+00,0.00E+00,0.00E+00,0.00E+00,0.00E+00,0.00E+00,0.00E+00,0.00E+00,0.00E+00,0.00E+00,0.00E+00,0.00E+00,0.00E+00,0.00E+00,0.00E+00,0.00E+00,0.00E+00,0.00E+00,0.00E+00,0.00E+00,0.00E+00,0.00E+00,0.00E+00,0.00E+00,0.00E+00,0.00E+00,0.00E+00,0.00E+00,0.00E+00,0.00E+00,0.00E+00,0.00E+00,0.00E+00,0.00E+00,0.00E+00,0.00E+00,0.00E+00,0.00E+00,0.00E+00,0.00E+00,0.00E+00,0.00E+00,0.00E+00,0.00E+00,0.00E+00,0.00E+00,0.00E+00,0.00E+00,0.00E+00,0.00E+00,0.00E+00,0.00E+00,0.00E+00,0.00E+00,0.00E+00,0.00E+00,0.00E+00,0.00E+00,0.00E+00,0.00E+00,0.00E+00,0.00E+00,0.00E+00,0.00E+00,0.00E+00,0.00E+00,0.00E+00,0.00E+00,0.00E+00,0.00E+00,0.00E+00,0.00E+00,0.00E+00,0.00E+00,0.00E+00,0.00E+00,0.00E+00,0.00E+00,0.00E+00,0.00E+00,0.00E+00,0.00E+00,0.00E+00,0.00E+00,0.00E+00,0.00E+00,0.00E+00,0.00E+00,0.00E+00,0.00E+00,0.00E+00,0.00E+00,0.00E+00,0.00E+00,0.00E+00,0.00E+00,0.00E+00,0.00E+00,0.00E+00,0.00E+00,0.00E+00,0.00E+00,0.00E+00,0.00E+00,0.00E+00,0.00E+00,0.00E+00,0.00E+00,0.00E+00,0.00E+00,0.00E+00,0.00E+00,0.00E+00,0.00E+00,0.00E+00,0.00E+00,0.00E+00,0.00E+00,0.00E+00,0.00E+00,0.00E+00,0.00E+00,0.00E+00,0.00E+00,0.00E+00,0.00E+00,0.00E+00,0.00E+00,0.00E+00,0.00E+00,0.00E+00,0.00E+00,0.00E+00,0.00E+00,0.00E+00,0.00E+00,0.00E+00,0.00E+00,0.00E+00,0.00E+00,0.00E+00,0.00E+00,0.00E+00,0.00E+00,0.00E+00,0.00E+00,0.00E+00,0.00E+00,0.00E+00,0.00E+00,0.00E+00,0.00E+00,0.00E+00,0.00E+00,0.00E+00,0.00E+00,0.00E+00,0.00E+00,0.00E+00,0.00E+00,0.00E+00,0.00E+00,0.00E+00,0.00E+00,0.00E+00,0.00E+00,0.00E+00,0.00E+00,0.00E+00,0.00E+00,0.00E+00,0.00E+00,0.00E+00,0.00E+00,0.00E+00,0.00E+00,0.00E+00,0.00E+00,0.00E+00,0.00E+00,0.00E+00,0.00E+00,0.00E+00,0.00E+00,0.00E+00,0.00E+00,0.00E+00,0.00E+00,0.00E+00,0.00E+00,0.00E+00,0.00E+00,0.00E+00,0.00E+00,0.00E+00,0.00E+00,0.00E+00,0.00E+00,0.00E+00,0.00E+00,0.00E+00,0.00E+00,0.00E+00,0.00E+00,0.00E+00,0.00E+00,0.00E+00,0.00E+00,0.00E+00,0.00E+00,0.00E+00,0.00E+00,0.00E+00,0.00E+00,0.00E+00,0.00E+00,0.00E+00,0.00E+00,0.00E+00,0.00E+00,0.00E+00,0.00E+00,0.00E+00,0.00E+00,0.00E+00,0.00E+00,0.00E+00,0.00E+00,0.00E+00,0.00E+00,0.00E+00,0.00E+00,0.00E+00,0.00E+00,0.00E+00,0.00E+00,0.00E+00,0.00E+00,0.00E+00,0.00E+00,0.00E+00,0.00E+00,0.00E+00,0.00E+00,0.00E+00,0.00E+00,0.00E+00,0.00E+00,0.00E+00,0.00E+00,0.00E+00,0.00E+00,0.00E+00,0.00E+00,0.00E+00,0.00E+00,0.00E+00,0.00E+00,0.00E+00,0.00E+00,0.00E+00,0.00E+00,0.00E+00,0.00E+00,0.00E+00,0.00E+00,0.00E+00,0.00E+00,0.00E+00,0.00E+00,0.00E+00,0.00E+00,0.00E+00,0.00E+00,0.00E+00,0.00E+00,0.00E+00,0.00E+00,0.00E+00,0.00E+00,0.00E+00,0.00E+00,0.00E+00,0.00E+00,0.00E+00,0.00E+00,0.00E+00,0.00E+00,0.00E+00,0.00E+00,0.00E+00,0.00E+00,0.00E+00,0.00E+00,0.00E+00,0.00E+00,0.00E+00,0.00E+00,0.00E+00,0.00E+00,0.00E+00,0.00E+00,0.00E+00,0.00E+00,0.00E+00,0.00E+00,0.00E+00,0.00E+00,0.00E+00,0.00E+00,0.00E+00,0.00E+00,0.00E+00,0.00E+00,0.00E+00,0.00E+00,0.00E+00,0.00E+00,0.00E+00,0.00E+00,0.00E+00,0.00E+00,0.00E+00,0.00E+00,0.00E+00,0.00E+00,0.00E+00,0.00E+00,0.00E+00,0.00E+00,0.00E+00,0.00E+00,0.00E+00,0.00E+00,0.00E+00,0.00E+00,0.00E+00,0.00E+00,0.00E+00,0.00E+00,0.00E+00,0.00E+00,0.00E+00,0.00E+00,0.00E+00,0.00E+00,0.00E+00,0.00E+00,0.00E+00,0.00E+00,0.00E+00,0.00E+00,0.00E+00,0.00E+00,0.00E+00
6,1023,0,2.69E-06,1.68E-05,6.30E-06,0,0,2.04E-06,1.72E-06,4.48E-06,2.21E-08,1.77E-06,5.96E-06,8.99E-06,6.78E-06,2.45E-07,1.80E-05,3.76E-06,1.12E-05,1.45E-05,1.55E-05,1.96E-05,2.16E-05,2.67E-05,3.28E-05,3.83E-05,4.95E-05,5.39E-05,6.62E-05,7.52E-05,8.20E-05,9.95E-05,9.90E-05,0.00013685,0.00014596,0.00016452,0.00018824,0.00018997,0.00022902,0.00023321,0.00024835,0.00025903,0.00028372,0.00027438,0.00028081,0.00026549,0.00025071,0.00024683,0.00023794,0.00021275,0.00018589,0.00016568,0.00014392,0.00012765,0.00010533,9.87E-05,8.10E-05,6.99E-05,6.94E-05,4.73E-05,4.24E-05,4.13E-05,3.79E-05,3.66E-05,2.71E-05,2.56E-05,2.81E-05,3.09E-05,2.54E-05,1.99E-05,1.42E-05,1.80E-05,2.12E-05,1.56E-05,1.76E-05,1.18E-05,1.32E-05,6.07E-06,8.62E-06,2.24E-05,5.51E-06,8.21E-06,6.46E-06,1.92E-05,3.48E-06,4.82E-06,2.07E-05,1.06E-05,1.01E-05,1.62E-05,1.03E-05,1.36E-05,1.46E-05,2.27E-05,2.44E-05,2.27E-05,2.54E-05,3.02E-05,3.75E-05,4.76E-05,3.74E-05,5.16E-05,6.38E-05,7.45E-05,9.06E-05,0.00010538,0.00011567,0.00013734,0.00016378,0.00019252,0.00022872,0.00026383,0.00029725,0.00033585,0.00040457,0.00047608,0.00052301,0.00060771,0.00068206,0.00077524,0.00082551,0.00092293,0.0010465,0.0011858,0.0012953,0.0013719,0.0015161,0.0016113,0.0017199,0.0018852,0.001982,0.0021096,0.0022234,0.0023254,0.0024585,0.0025895,0.0026796,0.0027993,0.0028942,0.0029786,0.0030188,0.0030991,0.0031882,0.0032262,0.0033026,0.0033485,0.0034041,0.0034347,0.0034643,0.0034845,0.0035335,0.0035665,0.0035581,0.0036035,0.0036489,0.0036627,0.0036361,0.0036846,0.0036523,0.0036864,0.0036539,0.0036938,0.0036869,0.0036787,0.0036586,0.0037031,0.0036326,0.003633,0.0036791,0.003646,0.0036184,0.0036212,0.0036467,0.0036012,0.0035868,0.0036013,0.0035736,0.0035802,0.003536,0.0035371,0.0035295,0.0035349,0.003494,0.0034896,0.0034558,0.0034239,0.003444,0.0034221,0.0034113,0.0033611,0.0033451,0.0033291,0.0033192,0.0032894,0.0032879,0.003242,0.003203,0.0031973,0.0031649,0.0031442,0.0030965,0.0030676,0.0030206,0.0029948,0.00301,0.0029923,0.0029372,0.0028933,0.0028579,0.0028013,0.0027516,0.0027355,0.0027109,0.0026871,0.0026699,0.0026276,0.0025873,0.0025437,0.0024938,0.0024589,0.0024232,0.0023955,0.0023563,0.0023077,0.002291,0.0022203,0.0021879,0.0021597,0.0020881,0.0020543,0.0020391,0.0020239,0.0019716,0.0019344,0.001875,0.0018545,0.0018352,0.0018156,0.001772,0.0017052,0.0016791,0.0016455,0.001628,0.0015836,0.0015647,0.0015242,0.0014843,0.0014475,0.0014276,0.0014026,0.0013884,0.0013511,0.0013037,0.0012686,0.0012688,0.0012393,0.0012067,0.0011596,0.0011515,0.0011249,0.0011089,0.0010752,0.0010234,0.00099954,0.00097526,0.00098665,0.00094869,0.00092244,0.00089962,0.00088717,0.00085547,0.00084436,0.00082145,0.00081317,0.00079258,0.00075328,0.00073504,0.00071346,0.00071547,0.000682,0.00066526,0.00064338,0.00063447,0.00062045,0.000577,0.00058352,0.00057024,0.00055265,0.00053488,0.0005354,0.00049129,0.00049901,0.00048232,0.00047826,0.00045697,0.00044575,0.00043423,0.00040684,0.00042307,0.00041649,0.00038967,0.00038548,0.00037641,0.00036214,0.00033939,0.00034178,0.0003302,0.00033782,0.00032981,0.00032141,0.00029522,0.00030869,0.00028097,0.00027971,0.00027953,0.00027751,0.00026586,0.00025571,0.00025328,0.0002286,0.00024623,0.00021994,0.00021233,0.00022204,0.00021681,0.00020123,0.00019595,0.00018522,0.00019733,0.00018247,0.00017532,0.00017993,0.00017148,0.00014752,0.00016637,0.0001561,0.00015956,0.00012857,0.00014607,0.00014413,0.00013853,0.00014543,0.00011824,0.00013286,0.00012003,0.00012321,0.00011168,0.00012586,9.78E-05,0.00011003,0.00010675,0.00010258,9.13E-05,9.63E-05,8.80E-05,8.47E-05,9.97E-05,8.06E-05,8.96E-05,7.89E-05,9.09E-05,8.00E-05,8.99E-05,8.00E-05,8.17E-05,7.37E-05,7.25E-05,6.27E-05,6.88E-05,7.28E-05,7.51E-05,6.77E-05,6.53E-05,5.97E-05,6.81E-05,6.61E-05,6.68E-05,6.84E-05,6.20E-05,5.48E-05,6.09E-05,4.65E-05,5.16E-05,5.83E-05,5.14E-05,3.42E-05,5.13E-05,4.20E-05,3.09E-05,4.42E-05,3.25E-05,4.15E-05,3.76E-05,2.29E-05,3.86E-05,4.01E-05,4.20E-05,4.46E-05,3.55E-05,3.47E-05,3.80E-05,4.08E-05
6,0,0.00E+00,0.00E+00,0.00E+00,0.00E+00,0.00E+00,0.00E+00,0.00E+00,0.00E+00,0.00E+00,0.00E+00,0.00E+00,0.00E+00,0.00E+00,0.00E+00,0.00E+00,0.00E+00,0.00E+00,0.00E+00,0.00E+00,0.00E+00,0.00E+00,0.00E+00,0.00E+00,0.00E+00,0.00E+00,0.00E+00,0.00E+00,0.00E+00,0.00E+00,0.00E+00,0.00E+00,0.00E+00,0.00E+00,0.00E+00,0.00E+00,0.00E+00,0.00E+00,0.00E+00,0.00E+00,0.00E+00,0.00E+00,0.00E+00,0.00E+00,0.00E+00,0.00E+00,0.00E+00,0.00E+00,0.00E+00,0.00E+00,0.00E+00,0.00E+00,0.00E+00,0.00E+00,0.00E+00,0.00E+00,0.00E+00,0.00E+00,0.00E+00,0.00E+00,0.00E+00,0.00E+00,0.00E+00,0.00E+00,0.00E+00,0.00E+00,0.00E+00,0.00E+00,0.00E+00,0.00E+00,0.00E+00,0.00E+00,0.00E+00,0.00E+00,0.00E+00,0.00E+00,0.00E+00,0.00E+00,0.00E+00,0.00E+00,0.00E+00,0.00E+00,0.00E+00,0.00E+00,0.00E+00,0.00E+00,0.00E+00,0.00E+00,0.00E+00,0.00E+00,0.00E+00,0.00E+00,0.00E+00,0.00E+00,0.00E+00,0.00E+00,0.00E+00,0.00E+00,0.00E+00,0.00E+00,0.00E+00,0.00E+00,0.00E+00,0.00E+00,0.00E+00,0.00E+00,0.00E+00,0.00E+00,0.00E+00,0.00E+00,0.00E+00,0.00E+00,0.00E+00,0.00E+00,0.00E+00,0.00E+00,0.00E+00,0.00E+00,0.00E+00,0.00E+00,0.00E+00,0.00E+00,0.00E+00,0.00E+00,0.00E+00,0.00E+00,0.00E+00,0.00E+00,0.00E+00,0.00E+00,0.00E+00,0.00E+00,0.00E+00,0.00E+00,0.00E+00,0.00E+00,0.00E+00,0.00E+00,0.00E+00,0.00E+00,0.00E+00,0.00E+00,0.00E+00,0.00E+00,0.00E+00,0.00E+00,0.00E+00,0.00E+00,0.00E+00,0.00E+00,0.00E+00,0.00E+00,0.00E+00,0.00E+00,0.00E+00,0.00E+00,0.00E+00,0.00E+00,0.00E+00,0.00E+00,0.00E+00,0.00E+00,0.00E+00,0.00E+00,0.00E+00,0.00E+00,0.00E+00,0.00E+00,0.00E+00,0.00E+00,0.00E+00,0.00E+00,0.00E+00,0.00E+00,0.00E+00,0.00E+00,0.00E+00,0.00E+00,0.00E+00,0.00E+00,0.00E+00,0.00E+00,0.00E+00,0.00E+00,0.00E+00,0.00E+00,0.00E+00,0.00E+00,0.00E+00,0.00E+00,0.00E+00,0.00E+00,0.00E+00,0.00E+00,0.00E+00,0.00E+00,0.00E+00,0.00E+00,0.00E+00,0.00E+00,0.00E+00,0.00E+00,0.00E+00,0.00E+00,0.00E+00,0.00E+00,0.00E+00,0.00E+00,0.00E+00,0.00E+00,0.00E+00,0.00E+00,0.00E+00,0.00E+00,0.00E+00,0.00E+00,0.00E+00,0.00E+00,0.00E+00,0.00E+00,0.00E+00,0.00E+00,0.00E+00,0.00E+00,0.00E+00,0.00E+00,0.00E+00,0.00E+00,0.00E+00,0.00E+00,0.00E+00,0.00E+00,0.00E+00,0.00E+00,0.00E+00,0.00E+00,0.00E+00,0.00E+00,0.00E+00,0.00E+00,0.00E+00,0.00E+00,0.00E+00,0.00E+00,0.00E+00,0.00E+00,0.00E+00,0.00E+00,0.00E+00,0.00E+00,0.00E+00,0.00E+00,0.00E+00,0.00E+00,0.00E+00,0.00E+00,0.00E+00,0.00E+00,0.00E+00,0.00E+00,0.00E+00,0.00E+00,0.00E+00,0.00E+00,0.00E+00,0.00E+00,0.00E+00,0.00E+00,0.00E+00,0.00E+00,0.00E+00,0.00E+00,0.00E+00,0.00E+00,0.00E+00,0.00E+00,0.00E+00,0.00E+00,0.00E+00,0.00E+00,0.00E+00,0.00E+00,0.00E+00,0.00E+00,0.00E+00,0.00E+00,0.00E+00,0.00E+00,0.00E+00,0.00E+00,0.00E+00,0.00E+00,0.00E+00,0.00E+00,0.00E+00,0.00E+00,0.00E+00,0.00E+00,0.00E+00,0.00E+00,0.00E+00,0.00E+00,0.00E+00,0.00E+00,0.00E+00,0.00E+00,0.00E+00,0.00E+00,0.00E+00,0.00E+00,0.00E+00,0.00E+00,0.00E+00,0.00E+00,0.00E+00,0.00E+00,0.00E+00,0.00E+00,0.00E+00,0.00E+00,0.00E+00,0.00E+00,0.00E+00,0.00E+00,0.00E+00,0.00E+00,0.00E+00,0.00E+00,0.00E+00,0.00E+00,0.00E+00,0.00E+00,0.00E+00,0.00E+00,0.00E+00,0.00E+00,0.00E+00,0.00E+00,0.00E+00,0.00E+00,0.00E+00,0.00E+00,0.00E+00,0.00E+00,0.00E+00,0.00E+00,0.00E+00,0.00E+00,0.00E+00,0.00E+00,0.00E+00,0.00E+00,0.00E+00,0.00E+00,0.00E+00,0.00E+00,0.00E+00,0.00E+00,0.00E+00,0.00E+00,0.00E+00,0.00E+00,0.00E+00,0.00E+00,0.00E+00,0.00E+00,0.00E+00,0.00E+00,0.00E+00,0.00E+00,0.00E+00,0.00E+00,0.00E+00,0.00E+00,0.00E+00,0.00E+00,0.00E+00,0.00E+00,0.00E+00,0.00E+00,0.00E+00,0.00E+00,0.00E+00,0.00E+00,0.00E+00,0.00E+00,0.00E+00,0.00E+00,0.00E+00,0.00E+00,0.00E+00,0.00E+00,0.00E+00,0.00E+00,0.00E+00,0.00E+00,0.00E+00,0.00E+00,0.00E+00,0.00E+00,0.00E+00,0.00E+00
7,1023,0,8.92E-06,5.30E-06,1.23E-05,0,1.67E-06,3.62E-06,0,0,0,0,0,0,0,0,3.13E-06,1.25E-06,5.95E-06,2.67E-06,0,0,0,0,2.45E-06,7.64E-07,0,1.70E-06,5.84E-06,6.13E-06,5.24E-06,1.28E-06,0,1.80E-06,3.65E-06,4.42E-07,0,0,1.10E-06,2.43E-06,0,4.42E-06,0,0,0,1.74E-07,2.04E-06,1.19E-07,0,0,0,0,0,3.06E-06,0,0,0,0,1.49E-07,2.71E-06,0,0,9.03E-07,5.83E-09,0,0,0,0,0,3.11E-06,0,0,2.87E-06,4.25E-06,0,8.41E-07,1.50E-06,3.79E-06,7.55E-07,3.87E-07,3.42E-08,9.80E-07,7.45E-07,3.72E-06,8.18E-07,7.48E-07,5.51E-07,1.27E-06,2.52E-07,0,1.21E-06,0,0,0,2.54E-06,4.76E-06,0,0,3.85E-07,3.32E-06,1.03E-05,8.08E-06,2.59E-06,3.50E-06,5.26E-07,8.22E-07,7.04E-06,8.81E-07,0,1.13E-07,0,0,1.24E-06,4.58E-06,8.46E-07,0,3.10E-08,1.65E-06,1.41E-06,2.20E-08,6.26E-07,0,0,3.32E-06,2.98E-06,6.14E-08,5.16E-06,0,1.31E-06,4.38E-07,0,4.13E-07,1.25E-06,1.31E-06,0,0,1.19E-07,9.92E-07,6.49E-07,4.96E-06,1.30E-07,0,3.43E-07,3.84E-07,0,0,5.38E-07,0,0,2.94E-06,9.54E-08,0,0,0,5.30E-06,1.55E-07,5.38E-07,0,0,0,0,0,2.13E-06,2.28E-06,0,0,0,9.33E-07,9.47E-07,5.34E-06,1.58E-06,3.77E-06,4.26E-06,0,1.15E-05,9.18E-06,1.08E-05,1.38E-05,1.39E-05,1.64E-05,3.11E-05,2.96E-05,3.69E-05,4.10E-05,5.36E-05,6.40E-05,8.29E-05,9.82E-05,0.00010806,0.00012317,0.00015515,0.00017323,0.00020412,0.00023377,0.00025783,0.00030614,0.00033899,0.00038875,0.00044526,0.00050375,0.00055902,0.00063588,0.0006923,0.00079393,0.00089254,0.00097191,0.0010706,0.0011948,0.0013399,0.0014883,0.0016598,0.0018441,0.002064,0.0022783,0.0024682,0.0027102,0.002916,0.0030897,0.0031754,0.0032442,0.003164,0.0030679,0.0028604,0.0025746,0.002262,0.0019459,0.0016553,0.001389,0.0011766,0.0009786,0.00082838,0.00069623,0.00058896,0.00049184,0.00041317,0.00037041,0.00031389,0.00027945,0.0002248,0.0001941,0.00016469,0.00015009,0.00013055,0.00011423,0.00010203,8.44E-05,7.34E-05,7.74E-05,5.67E-05,5.50E-05,4.95E-05,4.02E-05,3.54E-05,3.42E-05,2.52E-05,2.42E-05,3.25E-05,2.15E-05,2.06E-05,2.20E-05,1.62E-05,1.12E-05,1.38E-05,1.25E-05,8.08E-06,8.94E-06,6.26E-06,4.57E-06,8.22E-06,2.03E-06,1.11E-05,6.30E-06,7.70E-06,7.82E-06,6.28E-06,1.16E-05,0,0,1.13E-05,6.37E-06,7.89E-06,4.61E-06,3.14E-06,7.62E-06,7.07E-06,9.66E-06,2.96E-06,7.16E-06,1.38E-05,1.02E-06,6.45E-06,1.03E-05,2.39E-06,7.48E-06,5.75E-06,9.62E-06,7.40E-06,7.25E-06,9.72E-06,6.33E-06,8.28E-06,2.64E-06,0,2.85E-07,3.25E-06,1.65E-06,5.60E-06,1.12E-05,2.94E-06,3.18E-06,0,9.13E-06,0,4.83E-06,1.25E-05,7.82E-07,2.74E-06,3.12E-06,3.05E-06,4.64E-06,4.99E-06,2.47E-07,3.91E-06,1.72E-06,1.33E-06,0,3.50E-06,2.89E-06,3.04E-06,4.68E-06,2.33E-06,3.10E-06,0,0,0,0,2.64E-06,6.17E-07,7.85E-06,0,0,9.36E-07,3.82E-06,0,0,0,1.88E-06,1.06E-05,0,0,0,1.32E-06,1.47E-06,9.85E-06,2.78E-06,3.79E-07,5.45E-06,1.87E-06,1.80E-06,2.70E-08,4.66E-07,0,0,1.12E-05,0,0,1.38E-06,4.49E-06,5.62E-07,0,0,0,0,0,2.73E-06,1.57E-06,0,0,0,0,0,0,0,0,0,0,0,0,0,0,0,2.16E-07,1.18E-07,0,4.51E-06,0,0,0,4.81E-06,0,0,0
7,0,0.00E+00,0.00E+00,0.00E+00,0.00E+00,0.00E+00,0.00E+00,0.00E+00,0.00E+00,0.00E+00,0.00E+00,0.00E+00,0.00E+00,0.00E+00,0.00E+00,0.00E+00,0.00E+00,0.00E+00,0.00E+00,0.00E+00,0.00E+00,0.00E+00,0.00E+00,0.00E+00,0.00E+00,0.00E+00,0.00E+00,0.00E+00,0.00E+00,0.00E+00,0.00E+00,0.00E+00,0.00E+00,0.00E+00,0.00E+00,0.00E+00,0.00E+00,0.00E+00,0.00E+00,0.00E+00,0.00E+00,0.00E+00,0.00E+00,0.00E+00,0.00E+00,0.00E+00,0.00E+00,0.00E+00,0.00E+00,0.00E+00,0.00E+00,0.00E+00,0.00E+00,0.00E+00,0.00E+00,0.00E+00,0.00E+00,0.00E+00,0.00E+00,0.00E+00,0.00E+00,0.00E+00,0.00E+00,0.00E+00,0.00E+00,0.00E+00,0.00E+00,0.00E+00,0.00E+00,0.00E+00,0.00E+00,0.00E+00,0.00E+00,0.00E+00,0.00E+00,0.00E+00,0.00E+00,0.00E+00,0.00E+00,0.00E+00,0.00E+00,0.00E+00,0.00E+00,0.00E+00,0.00E+00,0.00E+00,0.00E+00,0.00E+00,0.00E+00,0.00E+00,0.00E+00,0.00E+00,0.00E+00,0.00E+00,0.00E+00,0.00E+00,0.00E+00,0.00E+00,0.00E+00,0.00E+00,0.00E+00,0.00E+00,0.00E+00,0.00E+00,0.00E+00,0.00E+00,0.00E+00,0.00E+00,0.00E+00,0.00E+00,0.00E+00,0.00E+00,0.00E+00,0.00E+00,0.00E+00,0.00E+00,0.00E+00,0.00E+00,0.00E+00,0.00E+00,0.00E+00,0.00E+00,0.00E+00,0.00E+00,0.00E+00,0.00E+00,0.00E+00,0.00E+00,0.00E+00,0.00E+00,0.00E+00,0.00E+00,0.00E+00,0.00E+00,0.00E+00,0.00E+00,0.00E+00,0.00E+00,0.00E+00,0.00E+00,0.00E+00,0.00E+00,0.00E+00,0.00E+00,0.00E+00,0.00E+00,0.00E+00,0.00E+00,0.00E+00,0.00E+00,0.00E+00,0.00E+00,0.00E+00,0.00E+00,0.00E+00,0.00E+00,0.00E+00,0.00E+00,0.00E+00,0.00E+00,0.00E+00,0.00E+00,0.00E+00,0.00E+00,0.00E+00,0.00E+00,0.00E+00,0.00E+00,0.00E+00,0.00E+00,0.00E+00,0.00E+00,0.00E+00,0.00E+00,0.00E+00,0.00E+00,0.00E+00,0.00E+00,0.00E+00,0.00E+00,0.00E+00,0.00E+00,0.00E+00,0.00E+00,0.00E+00,0.00E+00,0.00E+00,0.00E+00,0.00E+00,0.00E+00,0.00E+00,0.00E+00,0.00E+00,0.00E+00,0.00E+00,0.00E+00,0.00E+00,0.00E+00,0.00E+00,0.00E+00,0.00E+00,0.00E+00,0.00E+00,0.00E+00,0.00E+00,0.00E+00,0.00E+00,0.00E+00,0.00E+00,0.00E+00,0.00E+00,0.00E+00,0.00E+00,0.00E+00,0.00E+00,0.00E+00,0.00E+00,0.00E+00,0.00E+00,0.00E+00,0.00E+00,0.00E+00,0.00E+00,0.00E+00,0.00E+00,0.00E+00,0.00E+00,0.00E+00,0.00E+00,0.00E+00,0.00E+00,0.00E+00,0.00E+00,0.00E+00,0.00E+00,0.00E+00,0.00E+00,0.00E+00,0.00E+00,0.00E+00,0.00E+00,0.00E+00,0.00E+00,0.00E+00,0.00E+00,0.00E+00,0.00E+00,0.00E+00,0.00E+00,0.00E+00,0.00E+00,0.00E+00,0.00E+00,0.00E+00,0.00E+00,0.00E+00,0.00E+00,0.00E+00,0.00E+00,0.00E+00,0.00E+00,0.00E+00,0.00E+00,0.00E+00,0.00E+00,0.00E+00,0.00E+00,0.00E+00,0.00E+00,0.00E+00,0.00E+00,0.00E+00,0.00E+00,0.00E+00,0.00E+00,0.00E+00,0.00E+00,0.00E+00,0.00E+00,0.00E+00,0.00E+00,0.00E+00,0.00E+00,0.00E+00,0.00E+00,0.00E+00,0.00E+00,0.00E+00,0.00E+00,0.00E+00,0.00E+00,0.00E+00,0.00E+00,0.00E+00,0.00E+00,0.00E+00,0.00E+00,0.00E+00,0.00E+00,0.00E+00,0.00E+00,0.00E+00,0.00E+00,0.00E+00,0.00E+00,0.00E+00,0.00E+00,0.00E+00,0.00E+00,0.00E+00,0.00E+00,0.00E+00,0.00E+00,0.00E+00,0.00E+00,0.00E+00,0.00E+00,0.00E+00,0.00E+00,0.00E+00,0.00E+00,0.00E+00,0.00E+00,0.00E+00,0.00E+00,0.00E+00,0.00E+00,0.00E+00,0.00E+00,0.00E+00,0.00E+00,0.00E+00,0.00E+00,0.00E+00,0.00E+00,0.00E+00,0.00E+00,0.00E+00,0.00E+00,0.00E+00,0.00E+00,0.00E+00,0.00E+00,0.00E+00,0.00E+00,0.00E+00,0.00E+00,0.00E+00,0.00E+00,0.00E+00,0.00E+00,0.00E+00,0.00E+00,0.00E+00,0.00E+00,0.00E+00,0.00E+00,0.00E+00,0.00E+00,0.00E+00,0.00E+00,0.00E+00,0.00E+00,0.00E+00,0.00E+00,0.00E+00,0.00E+00,0.00E+00,0.00E+00,0.00E+00,0.00E+00,0.00E+00,0.00E+00,0.00E+00,0.00E+00,0.00E+00,0.00E+00,0.00E+00,0.00E+00,0.00E+00,0.00E+00,0.00E+00,0.00E+00,0.00E+00,0.00E+00,0.00E+00,0.00E+00,0.00E+00,0.00E+00,0.00E+00,0.00E+00,0.00E+00,0.00E+00,0.00E+00,0.00E+00,0.00E+00,0.00E+00,0.00E+00,0.00E+00,0.00E+00,0.00E+00,0.00E+00
8,1023,0,0,0,0,0,0,0,0,0,0,0,0,0,0,0,0,0,0,0,1.50E-06,0,0,0,0,0,0,0,0,0,0,0,0,0,0,0,0,0,0,0,0,0,0,0,0,0,0,0,8.13E-07,0,0,0,8.34E-07,7.15E-06,0,0,0,0,0,0,0,0,0,0,0,1.66E-06,1.90E-06,0,1.25E-05,8.07E-07,3.80E-06,0,0,0,0,0,0,0,0,3.03E-07,3.88E-06,0,0,0,2.53E-06,0,0,0,0,4.61E-06,0,0,0,0,0,0,0,0,0,0,0,0,9.04E-06,5.37E-06,0,0,0,0,0,0,0,0,0,0,4.52E-06,0,1.18E-06,2.77E-06,1.55E-06,4.18E-07,3.96E-07,0,0,0,1.05E-05,0,0,6.55E-07,6.46E-07,0,1.37E-05,1.47E-05,0,0,0,0,2.57E-06,8.57E-06,0,0,0,1.08E-05,0,0,0,0,0,0,3.56E-06,1.40E-06,0,0,0,0,0,0,3.41E-07,0,0,4.21E-06,9.87E-06,1.99E-06,6.64E-06,0,8.52E-06,9.12E-08,1.18E-05,1.25E-06,2.48E-07,5.06E-06,2.52E-06,9.21E-06,0,0,0,0,0,3.88E-06,3.38E-06,1.38E-06,2.39E-06,1.51E-06,3.44E-06,0,6.39E-06,9.73E-06,2.09E-06,4.19E-06,0,1.28E-05,5.00E-07,1.11E-05,1.19E-05,2.02E-05,2.63E-06,2.50E-05,2.97E-05,2.49E-05,2.33E-05,1.88E-05,6.96E-05,5.67E-05,4.30E-05,5.09E-05,6.66E-05,6.71E-05,7.46E-05,9.48E-05,9.95E-05,0.00011929,0.000146,0.0001521,0.00017439,0.00020064,0.00022952,0.00023469,0.00028046,0.00031822,0.00035294,0.00038424,0.00043276,0.00048221,0.00051818,0.00057478,0.00064093,0.00071396,0.00075061,0.00083937,0.00092197,0.001053,0.0011275,0.0012461,0.0013241,0.0014716,0.0015978,0.001734,0.0018882,0.0020183,0.0021849,0.0024747,0.0026395,0.0029215,0.0031689,0.003542,0.0038941,0.0043086,0.0046366,0.005165,0.0056307,0.0060574,0.0065786,0.0070427,0.0076996,0.0081568,0.0085391,0.0088884,0.0092097,0.0095298,0.0096138,0.0094725,0.0091135,0.0085738,0.0081043,0.0073839,0.0065455,0.0057768,0.0050263,0.0042296,0.0035836,0.0030428,0.0025328,0.0021349,0.0018507,0.0015631,0.0012886,0.0012201,0.00093833,0.0008268,0.00072493,0.00064079,0.00049031,0.00044447,0.00038551,0.00034005,0.00028002,0.00025012,0.00019638,0.00016676,0.00014309,0.0001243,0.00012742,8.79E-05,9.45E-05,8.74E-05,7.13E-05,8.39E-05,5.70E-05,5.59E-05,4.17E-05,4.91E-05,3.51E-05,3.70E-05,2.49E-05,3.68E-05,2.32E-05,2.49E-05,1.18E-05,1.16E-05,3.41E-05,2.13E-06,2.21E-05,3.79E-05,9.24E-06,2.10E-05,2.69E-05,1.73E-06,1.53E-05,1.95E-05,6.79E-06,2.98E-05,1.53E-05,1.75E-05,5.60E-06,3.46E-05,1.39E-05,1.38E-05,2.80E-05,1.48E-05,2.57E-05,1.48E-06,1.12E-05,1.50E-05,2.12E-05,2.57E-06,3.12E-05,2.77E-05,8.61E-07,1.59E-06,1.78E-07,7.82E-06,1.66E-05,3.50E-05,5.50E-07,7.29E-06,1.16E-05,6.36E-06,1.68E-05,0,1.39E-05,2.82E-05,7.45E-06,0,0,0,0,7.00E-06,0,0,0,4.35E-06,0,1.44E-06,9.70E-06,1.05E-06,0,3.43E-06,3.46E-06,0,2.46E-05,1.20E-05,0,0,0,0,9.60E-07,5.53E-07,0,0,0,0,0,2.80E-06,1.37E-05,0,0,1.45E-05,7.01E-06,0,0,0,0,3.42E-07,1.87E-07,0,0,0,0,0,0,0,0,0
8,0,0.00E+00,0.00E+00,0.00E+00,0.00E+00,0.00E+00,0.00E+00,0.00E+00,0.00E+00,0.00E+00,0.00E+00,0.00E+00,0.00E+00,0.00E+00,0.00E+00,0.00E+00,0.00E+00,0.00E+00,0.00E+00,0.00E+00,0.00E+00,0.00E+00,0.00E+00,0.00E+00,0.00E+00,0.00E+00,0.00E+00,0.00E+00,0.00E+00,0.00E+00,0.00E+00,0.00E+00,0.00E+00,0.00E+00,0.00E+00,0.00E+00,0.00E+00,0.00E+00,0.00E+00,0.00E+00,0.00E+00,0.00E+00,0.00E+00,0.00E+00,0.00E+00,0.00E+00,0.00E+00,0.00E+00,0.00E+00,0.00E+00,0.00E+00,0.00E+00,0.00E+00,0.00E+00,0.00E+00,0.00E+00,0.00E+00,0.00E+00,0.00E+00,0.00E+00,0.00E+00,0.00E+00,0.00E+00,0.00E+00,0.00E+00,0.00E+00,0.00E+00,0.00E+00,0.00E+00,0.00E+00,0.00E+00,0.00E+00,0.00E+00,0.00E+00,0.00E+00,0.00E+00,0.00E+00,0.00E+00,0.00E+00,0.00E+00,0.00E+00,0.00E+00,0.00E+00,0.00E+00,0.00E+00,0.00E+00,0.00E+00,0.00E+00,0.00E+00,0.00E+00,0.00E+00,0.00E+00,0.00E+00,0.00E+00,0.00E+00,0.00E+00,0.00E+00,0.00E+00,0.00E+00,0.00E+00,0.00E+00,0.00E+00,0.00E+00,0.00E+00,0.00E+00,0.00E+00,0.00E+00,0.00E+00,0.00E+00,0.00E+00,0.00E+00,0.00E+00,0.00E+00,0.00E+00,0.00E+00,0.00E+00,0.00E+00,0.00E+00,0.00E+00,0.00E+00,0.00E+00,0.00E+00,0.00E+00,0.00E+00,0.00E+00,0.00E+00,0.00E+00,0.00E+00,0.00E+00,0.00E+00,0.00E+00,0.00E+00,0.00E+00,0.00E+00,0.00E+00,0.00E+00,0.00E+00,0.00E+00,0.00E+00,0.00E+00,0.00E+00,0.00E+00,0.00E+00,0.00E+00,0.00E+00,0.00E+00,0.00E+00,0.00E+00,0.00E+00,0.00E+00,0.00E+00,0.00E+00,0.00E+00,0.00E+00,0.00E+00,0.00E+00,0.00E+00,0.00E+00,0.00E+00,0.00E+00,0.00E+00,0.00E+00,0.00E+00,0.00E+00,0.00E+00,0.00E+00,0.00E+00,0.00E+00,0.00E+00,0.00E+00,0.00E+00,0.00E+00,0.00E+00,0.00E+00,0.00E+00,0.00E+00,0.00E+00,0.00E+00,0.00E+00,0.00E+00,0.00E+00,0.00E+00,0.00E+00,0.00E+00,0.00E+00,0.00E+00,0.00E+00,0.00E+00,0.00E+00,0.00E+00,0.00E+00,0.00E+00,0.00E+00,0.00E+00,0.00E+00,0.00E+00,0.00E+00,0.00E+00,0.00E+00,0.00E+00,0.00E+00,0.00E+00,0.00E+00,0.00E+00,0.00E+00,0.00E+00,0.00E+00,0.00E+00,0.00E+00,0.00E+00,0.00E+00,0.00E+00,0.00E+00,0.00E+00,0.00E+00,0.00E+00,0.00E+00,0.00E+00,0.00E+00,0.00E+00,0.00E+00,0.00E+00,0.00E+00,0.00E+00,0.00E+00,0.00E+00,0.00E+00,0.00E+00,0.00E+00,0.00E+00,0.00E+00,0.00E+00,0.00E+00,0.00E+00,0.00E+00,0.00E+00,0.00E+00,0.00E+00,0.00E+00,0.00E+00,0.00E+00,0.00E+00,0.00E+00,0.00E+00,0.00E+00,0.00E+00,0.00E+00,0.00E+00,0.00E+00,0.00E+00,0.00E+00,0.00E+00,0.00E+00,0.00E+00,0.00E+00,0.00E+00,0.00E+00,0.00E+00,0.00E+00,0.00E+00,0.00E+00,0.00E+00,0.00E+00,0.00E+00,0.00E+00,0.00E+00,0.00E+00,0.00E+00,0.00E+00,0.00E+00,0.00E+00,0.00E+00,0.00E+00,0.00E+00,0.00E+00,0.00E+00,0.00E+00,0.00E+00,0.00E+00,0.00E+00,0.00E+00,0.00E+00,0.00E+00,0.00E+00,0.00E+00,0.00E+00,0.00E+00,0.00E+00,0.00E+00,0.00E+00,0.00E+00,0.00E+00,0.00E+00,0.00E+00,0.00E+00,0.00E+00,0.00E+00,0.00E+00,0.00E+00,0.00E+00,0.00E+00,0.00E+00,0.00E+00,0.00E+00,0.00E+00,0.00E+00,0.00E+00,0.00E+00,0.00E+00,0.00E+00,0.00E+00,0.00E+00,0.00E+00,0.00E+00,0.00E+00,0.00E+00,0.00E+00,0.00E+00,0.00E+00,0.00E+00,0.00E+00,0.00E+00,0.00E+00,0.00E+00,0.00E+00,0.00E+00,0.00E+00,0.00E+00,0.00E+00,0.00E+00,0.00E+00,0.00E+00,0.00E+00,0.00E+00,0.00E+00,0.00E+00,0.00E+00,0.00E+00,0.00E+00,0.00E+00,0.00E+00,0.00E+00,0.00E+00,0.00E+00,0.00E+00,0.00E+00,0.00E+00,0.00E+00,0.00E+00,0.00E+00,0.00E+00,0.00E+00,0.00E+00,0.00E+00,0.00E+00,0.00E+00,0.00E+00,0.00E+00,0.00E+00,0.00E+00,0.00E+00,0.00E+00,0.00E+00,0.00E+00,0.00E+00,0.00E+00,0.00E+00,0.00E+00,0.00E+00,0.00E+00,0.00E+00,0.00E+00,0.00E+00,0.00E+00,0.00E+00,0.00E+00,0.00E+00,0.00E+00,0.00E+00,0.00E+00,0.00E+00,0.00E+00,0.00E+00,0.00E+00,0.00E+00,0.00E+00,0.00E+00,0.00E+00,0.00E+00,0.00E+00,0.00E+00,0.00E+00,0.00E+00,0.00E+00,0.00E+00,0.00E+00,0.00E+00,0.00E+00,0.00E+00,0.00E+00,0.00E+00,0.00E+00
9,1023,0,0,0,3.05E-05,0,0,2.27E-06,2.40E-05,6.58E-06,0,2.28E-06,0,0,0,0,5.85E-07,3.39E-06,1.71E-05,1.10E-05,0,0,0,0,0,6.38E-06,5.42E-08,0,0,0,0,0,1.34E-05,0,0,0,0,6.20E-06,0,1.45E-06,1.21E-06,0,1.93E-06,4.61E-06,1.10E-05,0,9.76E-06,5.90E-07,2.17E-06,0,0,0,0,1.70E-07,1.32E-06,2.29E-06,1.64E-06,0,2.86E-06,2.22E-06,5.51E-06,0,0,0,0,4.20E-06,4.82E-06,0,0,0,0,0,0,0,1.68E-05,0,0,0,0,9.25E-06,0,3.05E-06,2.52E-06,0,0,1.10E-06,3.06E-06,0,9.02E-06,1.66E-07,9.77E-06,0,0,0,0,0,7.64E-07,1.04E-06,0,4.61E-06,0,0,0,0,0,0,0,0,0,0,0,0,0,0,0,9.87E-06,0,0,0,0,3.02E-07,9.23E-06,0,0,0,6.95E-06,0,2.18E-07,5.09E-06,1.63E-06,5.38E-07,0,0,3.19E-07,1.82E-06,2.93E-08,1.61E-05,7.73E-06,1.59E-06,6.00E-07,0,0,0,0,0,1.61E-06,1.83E-06,6.55E-06,0,3.00E-06,9.23E-06,0,0,0,0,0,0,2.73E-06,3.02E-06,0,0,0,0,0,2.19E-06,2.34E-08,0,0,0,9.72E-06,0,0,0,0,0,5.99E-06,0,0,3.49E-06,1.11E-05,0,0,0,0,0,0,0,0,1.65E-05,3.90E-06,0,5.34E-06,9.22E-06,0,1.67E-05,0,0,0,1.40E-05,1.80E-05,1.57E-06,7.30E-06,4.94E-07,1.78E-05,5.48E-07,7.96E-06,1.22E-05,7.53E-06,9.20E-07,4.87E-07,2.44E-05,0,0,3.38E-05,2.05E-06,2.63E-05,6.13E-06,2.68E-05,1.24E-05,4.48E-05,3.45E-05,4.50E-05,5.41E-05,7.29E-05,8.61E-05,5.44E-05,7.85E-05,0.00010134,0.00011951,0.00013231,0.00013782,0.00018042,0.00021284,0.00017882,0.00023555,0.00024582,0.00026387,0.00031903,0.00035164,0.0003355,0.00040798,0.00047062,0.00052694,0.00058396,0.00063879,0.00072942,0.00079033,0.00084689,0.00099141,0.0011004,0.0012193,0.001336,0.0014458,0.001657,0.0018062,0.0020007,0.0022257,0.0024652,0.0026698,0.0029665,0.003366,0.0036093,0.004017,0.0043598,0.0047143,0.0051268,0.0055609,0.0059947,0.0065371,0.0072246,0.0079215,0.0084303,0.0090648,0.0098859,0.010697,0.011618,0.01243,0.013109,0.013912,0.014567,0.014897,0.015088,0.014947,0.014429,0.01325,0.012056,0.010428,0.0090457,0.0078075,0.0063228,0.0052778,0.0043149,0.0036096,0.0029682,0.0025201,0.0020981,0.0017139,0.0014636,0.0012582,0.001065,0.00092006,0.00080575,0.0006589,0.00054774,0.00048705,0.00044642,0.00030693,0.00030528,0.00026961,0.00021592,0.00018867,0.00014022,0.00015839,0.0001444,0.00013953,9.76E-05,7.19E-05,7.33E-05,6.55E-05,7.23E-05,3.46E-05,6.37E-05,3.04E-05,2.51E-05,1.43E-05,2.95E-05,2.03E-05,3.34E-05,2.49E-05,4.30E-05,2.31E-05,5.45E-05,5.21E-05,2.06E-05,1.65E-05,4.10E-05,2.21E-05,2.47E-05,1.75E-05,3.10E-05,1.48E-05,1.77E-05,6.58E-05,4.58E-05,1.97E-05,1.71E-05,3.76E-05,1.29E-05,3.92E-05,3.23E-05,3.86E-05,3.04E-05,2.68E-05,3.74E-05,2.95E-05,6.38E-06,1.51E-05,4.57E-05,3.96E-05,2.61E-05,9.82E-06,2.64E-05,3.24E-05,2.01E-05,1.54E-05,1.26E-05,1.11E-05,2.72E-06,4.04E-05,0,1.38E-05,1.36E-05,6.08E-08,4.17E-06,3.16E-06,1.27E-06,7.94E-08,0,0,2.57E-05,5.71E-06,2.80E-06,1.37E-05,0,0,0,0,2.33E-05,3.48E-05,7.24E-08,3.45E-06,1.40E-06,0,0,2.47E-06,6.71E-06,2.53E-06,2.99E-07,0,0,0,0
9,0,0.00E+00,0.00E+00,0.00E+00,0.00E+00,0.00E+00,0.00E+00,0.00E+00,0.00E+00,0.00E+00,0.00E+00,0.00E+00,0.00E+00,0.00E+00,0.00E+00,0.00E+00,0.00E+00,0.00E+00,0.00E+00,0.00E+00,0.00E+00,0.00E+00,0.00E+00,0.00E+00,0.00E+00,0.00E+00,0.00E+00,0.00E+00,0.00E+00,0.00E+00,0.00E+00,0.00E+00,0.00E+00,0.00E+00,0.00E+00,0.00E+00,0.00E+00,0.00E+00,0.00E+00,0.00E+00,0.00E+00,0.00E+00,0.00E+00,0.00E+00,0.00E+00,0.00E+00,0.00E+00,0.00E+00,0.00E+00,0.00E+00,0.00E+00,0.00E+00,0.00E+00,0.00E+00,0.00E+00,0.00E+00,0.00E+00,0.00E+00,0.00E+00,0.00E+00,0.00E+00,0.00E+00,0.00E+00,0.00E+00,0.00E+00,0.00E+00,0.00E+00,0.00E+00,0.00E+00,0.00E+00,0.00E+00,0.00E+00,0.00E+00,0.00E+00,0.00E+00,0.00E+00,0.00E+00,0.00E+00,0.00E+00,0.00E+00,0.00E+00,0.00E+00,0.00E+00,0.00E+00,0.00E+00,0.00E+00,0.00E+00,0.00E+00,0.00E+00,0.00E+00,0.00E+00,0.00E+00,0.00E+00,0.00E+00,0.00E+00,0.00E+00,0.00E+00,0.00E+00,0.00E+00,0.00E+00,0.00E+00,0.00E+00,0.00E+00,0.00E+00,0.00E+00,0.00E+00,0.00E+00,0.00E+00,0.00E+00,0.00E+00,0.00E+00,0.00E+00,0.00E+00,0.00E+00,0.00E+00,0.00E+00,0.00E+00,0.00E+00,0.00E+00,0.00E+00,0.00E+00,0.00E+00,0.00E+00,0.00E+00,0.00E+00,0.00E+00,0.00E+00,0.00E+00,0.00E+00,0.00E+00,0.00E+00,0.00E+00,0.00E+00,0.00E+00,0.00E+00,0.00E+00,0.00E+00,0.00E+00,0.00E+00,0.00E+00,0.00E+00,0.00E+00,0.00E+00,0.00E+00,0.00E+00,0.00E+00,0.00E+00,0.00E+00,0.00E+00,0.00E+00,0.00E+00,0.00E+00,0.00E+00,0.00E+00,0.00E+00,0.00E+00,0.00E+00,0.00E+00,0.00E+00,0.00E+00,0.00E+00,0.00E+00,0.00E+00,0.00E+00,0.00E+00,0.00E+00,0.00E+00,0.00E+00,0.00E+00,0.00E+00,0.00E+00,0.00E+00,0.00E+00,0.00E+00,0.00E+00,0.00E+00,0.00E+00,0.00E+00,0.00E+00,0.00E+00,0.00E+00,0.00E+00,0.00E+00,0.00E+00,0.00E+00,0.00E+00,0.00E+00,0.00E+00,0.00E+00,0.00E+00,0.00E+00,0.00E+00,0.00E+00,0.00E+00,0.00E+00,0.00E+00,0.00E+00,0.00E+00,0.00E+00,0.00E+00,0.00E+00,0.00E+00,0.00E+00,0.00E+00,0.00E+00,0.00E+00,0.00E+00,0.00E+00,0.00E+00,0.00E+00,0.00E+00,0.00E+00,0.00E+00,0.00E+00,0.00E+00,0.00E+00,0.00E+00,0.00E+00,0.00E+00,0.00E+00,0.00E+00,0.00E+00,0.00E+00,0.00E+00,0.00E+00,0.00E+00,0.00E+00,0.00E+00,0.00E+00,0.00E+00,0.00E+00,0.00E+00,0.00E+00,0.00E+00,0.00E+00,0.00E+00,0.00E+00,0.00E+00,0.00E+00,0.00E+00,0.00E+00,0.00E+00,0.00E+00,0.00E+00,0.00E+00,0.00E+00,0.00E+00,0.00E+00,0.00E+00,0.00E+00,0.00E+00,0.00E+00,0.00E+00,0.00E+00,0.00E+00,0.00E+00,0.00E+00,0.00E+00,0.00E+00,0.00E+00,0.00E+00,0.00E+00,0.00E+00,0.00E+00,0.00E+00,0.00E+00,0.00E+00,0.00E+00,0.00E+00,0.00E+00,0.00E+00,0.00E+00,0.00E+00,0.00E+00,0.00E+00,0.00E+00,0.00E+00,0.00E+00,0.00E+00,0.00E+00,0.00E+00,0.00E+00,0.00E+00,0.00E+00,0.00E+00,0.00E+00,0.00E+00,0.00E+00,0.00E+00,0.00E+00,0.00E+00,0.00E+00,0.00E+00,0.00E+00,0.00E+00,0.00E+00,0.00E+00,0.00E+00,0.00E+00,0.00E+00,0.00E+00,0.00E+00,0.00E+00,0.00E+00,0.00E+00,0.00E+00,0.00E+00,0.00E+00,0.00E+00,0.00E+00,0.00E+00,0.00E+00,0.00E+00,0.00E+00,0.00E+00,0.00E+00,0.00E+00,0.00E+00,0.00E+00,0.00E+00,0.00E+00,0.00E+00,0.00E+00,0.00E+00,0.00E+00,0.00E+00,0.00E+00,0.00E+00,0.00E+00,0.00E+00,0.00E+00,0.00E+00,0.00E+00,0.00E+00,0.00E+00,0.00E+00,0.00E+00,0.00E+00,0.00E+00,0.00E+00,0.00E+00,0.00E+00,0.00E+00,0.00E+00,0.00E+00,0.00E+00,0.00E+00,0.00E+00,0.00E+00,0.00E+00,0.00E+00,0.00E+00,0.00E+00,0.00E+00,0.00E+00,0.00E+00,0.00E+00,0.00E+00,0.00E+00,0.00E+00,0.00E+00,0.00E+00,0.00E+00,0.00E+00,0.00E+00,0.00E+00,0.00E+00,0.00E+00,0.00E+00,0.00E+00,0.00E+00,0.00E+00,0.00E+00,0.00E+00,0.00E+00,0.00E+00,0.00E+00,0.00E+00,0.00E+00,0.00E+00,0.00E+00,0.00E+00,0.00E+00,0.00E+00,0.00E+00,0.00E+00,0.00E+00,0.00E+00,0.00E+00,0.00E+00,0.00E+00,0.00E+00,0.00E+00,0.00E+00,0.00E+00,0.00E+00,0.00E+00,0.00E+00,0.00E+00,0.00E+00,0.00E+00,0.00E+00
10,1023,0,0,0,0,0,0,0,0,0,0,0,0,4.98E-06,2.25E-06,0,0,0,4.38E-07,2.82E-07,0,0,1.83E-06,1.31E-05,7.84E-06,0,0,0,0,0,5.80E-07,5.18E-08,0,0,5.99E-06,6.80E-06,5.58E-07,1.05E-05,2.05E-06,4.87E-06,2.72E-07,0,0,0,1.95E-06,2.14E-06,0,0,0,4.72E-06,8.20E-06,8.06E-07,0,0,0,6.45E-07,4.61E-07,0,1.29E-06,0,0,0,0,0,0,0,0,2.50E-06,1.65E-07,0,0,1.47E-05,8.04E-06,0,0,0,0,0,6.79E-06,0,3.73E-06,8.28E-06,6.17E-06,1.67E-06,0,3.17E-06,8.80E-06,1.73E-05,5.99E-06,0,5.23E-07,0,4.32E-06,1.83E-06,0,0,0,0,0,3.46E-06,6.56E-07,3.88E-06,0,0,0,0,0,0,0,0,0,0,0,4.02E-07,9.35E-08,0,0,1.61E-06,1.35E-06,0,0,0,0,0,1.93E-05,0,0,0,0,0,0,0,0,0,0,0,0,1.18E-06,1.28E-06,0,0,0,0,0,0,6.04E-07,2.15E-05,1.60E-05,9.75E-06,0,0,0,0,0,1.11E-05,3.27E-07,0,0,6.86E-06,2.58E-06,0,1.12E-05,0,0,0,0,4.13E-06,3.76E-07,2.98E-06,9.89E-07,0,3.34E-06,9.57E-06,0,1.12E-05,0,0,9.00E-06,7.83E-06,0,0,0,1.94E-06,1.52E-06,2.13E-06,0,0,0,0,1.37E-05,0,0,0,7.92E-06,1.03E-06,1.95E-05,1.61E-06,4.03E-06,8.24E-06,1.78E-06,1.51E-05,4.26E-06,8.84E-06,5.37E-06,2.25E-05,0,0,0,0,0,0,3.06E-06,2.56E-06,0,6.42E-07,1.07E-05,5.72E-06,4.08E-07,5.25E-06,2.70E-05,2.16E-05,1.69E-05,1.94E-05,3.28E-05,2.67E-05,3.82E-05,4.71E-05,7.33E-05,2.39E-05,4.84E-05,5.74E-05,6.65E-05,5.56E-05,6.95E-05,9.01E-05,0.00010647,9.99E-05,0.00013125,0.00010291,0.00015111,0.00016474,0.00017611,0.00019373,0.00023048,0.00021127,0.0002589,0.00026177,0.00031711,0.000362,0.00040597,0.00047224,0.00054689,0.00057632,0.00064198,0.00069867,0.00077637,0.00087598,0.00095741,0.001054,0.0011379,0.0013015,0.0014248,0.0015878,0.0017175,0.0019152,0.0020717,0.002346,0.0025657,0.0028517,0.0031715,0.0034561,0.0038468,0.0042321,0.0045665,0.0049028,0.0055021,0.0059789,0.0063224,0.0069167,0.0073755,0.0080477,0.0086199,0.0091719,0.0099763,0.010783,0.011403,0.012126,0.012833,0.01383,0.014465,0.015235,0.015901,0.016147,0.016197,0.016074,0.015415,0.014464,0.013423,0.012109,0.010668,0.0092299,0.0080357,0.0067554,0.0056656,0.0047881,0.0040083,0.0034147,0.0027694,0.0023628,0.0020098,0.0016829,0.0013999,0.0012828,0.0010511,0.00086085,0.00076872,0.00063555,0.00055261,0.00050691,0.00038524,0.00035425,0.00031706,0.00024453,0.00021826,0.00022792,0.00014045,0.00016116,0.00014024,8.85E-05,0.00010201,0.00010052,9.65E-05,7.08E-05,8.26E-05,8.47E-05,8.57E-05,6.85E-05,5.86E-05,3.89E-05,4.49E-05,7.39E-05,5.59E-05,3.38E-05,3.56E-05,4.24E-05,2.29E-05,3.59E-05,1.42E-05,3.21E-05,3.54E-06,2.91E-05,2.38E-05,2.97E-05,1.17E-05,4.90E-05,2.79E-06,4.86E-05,3.44E-05,5.66E-05,1.01E-05,5.65E-06,4.47E-05,5.78E-05,7.44E-05,1.14E-05,2.97E-05,3.52E-05,3.10E-05,1.33E-05,2.57E-05,2.72E-05,2.45E-05,4.40E-05,3.95E-05,3.40E-05,0,3.87E-05,0,9.71E-06,7.80E-06,0,0,1.11E-05,1.21E-05,7.60E-06,3.19E-05,4.41E-06,8.70E-06,8.86E-07,2.02E-05,0,0,2.52E-05,1.09E-06,1.81E-05,0,9.24E-06,1.09E-06,4.84E-05,0,2.07E-05,4.15E-06
10,0,0.00E+00,0.00E+00,0.00E+00,0.00E+00,0.00E+00,0.00E+00,0.00E+00,0.00E+00,0.00E+00,0.00E+00,0.00E+00,0.00E+00,0.00E+00,0.00E+00,0.00E+00,0.00E+00,0.00E+00,0.00E+00,0.00E+00,0.00E+00,0.00E+00,0.00E+00,0.00E+00,0.00E+00,0.00E+00,0.00E+00,0.00E+00,0.00E+00,0.00E+00,0.00E+00,0.00E+00,0.00E+00,0.00E+00,0.00E+00,0.00E+00,0.00E+00,0.00E+00,0.00E+00,0.00E+00,0.00E+00,0.00E+00,0.00E+00,0.00E+00,0.00E+00,0.00E+00,0.00E+00,0.00E+00,0.00E+00,0.00E+00,0.00E+00,0.00E+00,0.00E+00,0.00E+00,0.00E+00,0.00E+00,0.00E+00,0.00E+00,0.00E+00,0.00E+00,0.00E+00,0.00E+00,0.00E+00,0.00E+00,0.00E+00,0.00E+00,0.00E+00,0.00E+00,0.00E+00,0.00E+00,0.00E+00,0.00E+00,0.00E+00,0.00E+00,0.00E+00,0.00E+00,0.00E+00,0.00E+00,0.00E+00,0.00E+00,0.00E+00,0.00E+00,0.00E+00,0.00E+00,0.00E+00,0.00E+00,0.00E+00,0.00E+00,0.00E+00,0.00E+00,0.00E+00,0.00E+00,0.00E+00,0.00E+00,0.00E+00,0.00E+00,0.00E+00,0.00E+00,0.00E+00,0.00E+00,0.00E+00,0.00E+00,0.00E+00,0.00E+00,0.00E+00,0.00E+00,0.00E+00,0.00E+00,0.00E+00,0.00E+00,0.00E+00,0.00E+00,0.00E+00,0.00E+00,0.00E+00,0.00E+00,0.00E+00,0.00E+00,0.00E+00,0.00E+00,0.00E+00,0.00E+00,0.00E+00,0.00E+00,0.00E+00,0.00E+00,0.00E+00,0.00E+00,0.00E+00,0.00E+00,0.00E+00,0.00E+00,0.00E+00,0.00E+00,0.00E+00,0.00E+00,0.00E+00,0.00E+00,0.00E+00,0.00E+00,0.00E+00,0.00E+00,0.00E+00,0.00E+00,0.00E+00,0.00E+00,0.00E+00,0.00E+00,0.00E+00,0.00E+00,0.00E+00,0.00E+00,0.00E+00,0.00E+00,0.00E+00,0.00E+00,0.00E+00,0.00E+00,0.00E+00,0.00E+00,0.00E+00,0.00E+00,0.00E+00,0.00E+00,0.00E+00,0.00E+00,0.00E+00,0.00E+00,0.00E+00,0.00E+00,0.00E+00,0.00E+00,0.00E+00,0.00E+00,0.00E+00,0.00E+00,0.00E+00,0.00E+00,0.00E+00,0.00E+00,0.00E+00,0.00E+00,0.00E+00,0.00E+00,0.00E+00,0.00E+00,0.00E+00,0.00E+00,0.00E+00,0.00E+00,0.00E+00,0.00E+00,0.00E+00,0.00E+00,0.00E+00,0.00E+00,0.00E+00,0.00E+00,0.00E+00,0.00E+00,0.00E+00,0.00E+00,0.00E+00,0.00E+00,0.00E+00,0.00E+00,0.00E+00,0.00E+00,0.00E+00,0.00E+00,0.00E+00,0.00E+00,0.00E+00,0.00E+00,0.00E+00,0.00E+00,0.00E+00,0.00E+00,0.00E+00,0.00E+00,0.00E+00,0.00E+00,0.00E+00,0.00E+00,0.00E+00,0.00E+00,0.00E+00,0.00E+00,0.00E+00,0.00E+00,0.00E+00,0.00E+00,0.00E+00,0.00E+00,0.00E+00,0.00E+00,0.00E+00,0.00E+00,0.00E+00,0.00E+00,0.00E+00,0.00E+00,0.00E+00,0.00E+00,0.00E+00,0.00E+00,0.00E+00,0.00E+00,0.00E+00,0.00E+00,0.00E+00,0.00E+00,0.00E+00,0.00E+00,0.00E+00,0.00E+00,0.00E+00,0.00E+00,0.00E+00,0.00E+00,0.00E+00,0.00E+00,0.00E+00,0.00E+00,0.00E+00,0.00E+00,0.00E+00,0.00E+00,0.00E+00,0.00E+00,0.00E+00,0.00E+00,0.00E+00,0.00E+00,0.00E+00,0.00E+00,0.00E+00,0.00E+00,0.00E+00,0.00E+00,0.00E+00,0.00E+00,0.00E+00,0.00E+00,0.00E+00,0.00E+00,0.00E+00,0.00E+00,0.00E+00,0.00E+00,0.00E+00,0.00E+00,0.00E+00,0.00E+00,0.00E+00,0.00E+00,0.00E+00,0.00E+00,0.00E+00,0.00E+00,0.00E+00,0.00E+00,0.00E+00,0.00E+00,0.00E+00,0.00E+00,0.00E+00,0.00E+00,0.00E+00,0.00E+00,0.00E+00,0.00E+00,0.00E+00,0.00E+00,0.00E+00,0.00E+00,0.00E+00,0.00E+00,0.00E+00,0.00E+00,0.00E+00,0.00E+00,0.00E+00,0.00E+00,0.00E+00,0.00E+00,0.00E+00,0.00E+00,0.00E+00,0.00E+00,0.00E+00,0.00E+00,0.00E+00,0.00E+00,0.00E+00,0.00E+00,0.00E+00,0.00E+00,0.00E+00,0.00E+00,0.00E+00,0.00E+00,0.00E+00,0.00E+00,0.00E+00,0.00E+00,0.00E+00,0.00E+00,0.00E+00,0.00E+00,0.00E+00,0.00E+00,0.00E+00,0.00E+00,0.00E+00,0.00E+00,0.00E+00,0.00E+00,0.00E+00,0.00E+00,0.00E+00,0.00E+00,0.00E+00,0.00E+00,0.00E+00,0.00E+00,0.00E+00,0.00E+00,0.00E+00,0.00E+00,0.00E+00,0.00E+00,0.00E+00,0.00E+00,0.00E+00,0.00E+00,0.00E+00,0.00E+00,0.00E+00,0.00E+00,0.00E+00,0.00E+00,0.00E+00,0.00E+00,0.00E+00,0.00E+00,0.00E+00,0.00E+00,0.00E+00,0.00E+00,0.00E+00,0.00E+00,0.00E+00,0.00E+00,0.00E+00,0.00E+00,0.00E+00,0.00E+00,0.00E+00,0.00E+00,0.00E+00,0.00E+00
11,1023,3.48E-06,9.03E-06,5.37E-06,0,0,0,0,9.74E-06,2.90E-06,0,4.99E-05,0,4.43E-06,2.00E-06,1.30E-05,0,1.59E-06,2.58E-06,0,0,0,0,0,0,2.24E-06,1.90E-08,0,0,5.96E-06,6.04E-06,2.96E-07,0,0,0,0,0,5.95E-07,1.10E-05,2.16E-05,1.06E-05,0,1.73E-05,0,0,0,0,3.29E-05,2.09E-06,4.31E-06,6.15E-06,8.54E-06,1.17E-06,0,0,0,0,0,0,0,0,0,3.06E-06,1.98E-08,0,0,0,0,0,5.84E-06,0,0,0,0,0,1.52E-06,2.71E-06,0,3.23E-06,0,0,0,0,0,4.57E-08,1.74E-06,0,0,0,0,0,0,0,0,0,6.16E-07,0,0,0,0,0,0,0,0,0,0,0,0,0,0,0,0,0,0,0,0,0,0,0,0,0,0,0,0,0,0,0,0,0,0,0,0,0,0,0,0,0,0,0,0,0,0,0,0,8.78E-06,2.76E-07,0,0,0,0,2.76E-06,0,0,4.09E-07,1.59E-07,0,0,0,2.06E-06,7.77E-07,0,0,0,0,0,0,0,0,0,0,0,0,0,0,0,0,1.58E-06,4.07E-06,7.17E-06,4.85E-06,1.67E-06,3.35E-05,0,0,0,8.10E-07,9.94E-06,5.36E-06,3.71E-06,9.41E-06,0,0,0,0,0,5.72E-06,0,0,2.64E-06,2.13E-07,0,8.21E-06,1.02E-05,0,2.27E-05,0,1.15E-06,1.17E-05,2.71E-05,0,4.94E-07,1.26E-06,0,2.26E-05,0,8.33E-06,1.63E-05,0,2.00E-05,1.41E-06,9.21E-06,0,4.96E-06,1.81E-05,2.22E-05,0,5.64E-06,2.09E-06,0,3.64E-05,5.39E-06,1.76E-05,3.51E-05,2.40E-05,3.15E-05,1.59E-05,0,0,3.26E-05,0,9.78E-06,4.44E-06,0,1.66E-05,1.79E-05,1.20E-05,0,9.57E-06,1.51E-06,2.70E-05,2.03E-05,3.69E-05,5.00E-05,3.67E-06,3.10E-05,3.60E-05,6.91E-05,4.76E-05,2.64E-05,3.80E-05,6.17E-05,7.47E-05,3.53E-05,7.97E-05,9.04E-05,8.44E-05,9.46E-05,9.19E-05,0.00012943,0.00013072,0.00017175,0.00019464,0.00017278,0.00025166,0.00020026,0.00025888,0.00030042,0.00027815,0.00035902,0.00043255,0.00039918,0.00048701,0.00049197,0.0005067,0.00062854,0.00065318,0.00075418,0.00082465,0.00091139,0.00097143,0.0010723,0.0011663,0.0013597,0.0014795,0.0015451,0.0016993,0.0018851,0.0021151,0.0022584,0.002527,0.0027868,0.0029475,0.0032613,0.0035637,0.0038718,0.0043474,0.004655,0.0050652,0.0055229,0.0060067,0.0064863,0.0072493,0.0078528,0.0084909,0.0092749,0.010041,0.010722,0.011682,0.012642,0.013808,0.014706,0.015557,0.016749,0.01793,0.018473,0.019254,0.019713,0.019725,0.018979,0.018305,0.016739,0.015027,0.013279,0.011436,0.0098998,0.0083424,0.0067636,0.0057921,0.0047341,0.0040936,0.0034241,0.0028735,0.0024262,0.0020826,0.0017357,0.0014788,0.0011392,0.0009938,0.00081726,0.00078056,0.00062349,0.00057057,0.00045843,0.00038234,0.00029065,0.00028277,0.00023681,0.00019456,0.00010042,0.00022867,0.00015304,0.00012647,0.00011445,5.91E-05,0.00013633,8.67E-05,5.59E-05,2.13E-05,9.48E-05,8.26E-05,4.97E-05,3.04E-05,3.41E-05,5.72E-05,4.80E-05,6.26E-05,4.63E-05,1.66E-05,6.29E-05,5.97E-05,2.13E-05,8.41E-06,4.10E-05,3.75E-05,1.97E-05,6.26E-06,2.28E-05,1.59E-05,2.11E-05,2.24E-05,1.82E-05,1.20E-06,5.23E-06,6.37E-05,3.04E-05,6.98E-05,2.20E-05,3.84E-05,2.63E-06,2.29E-05,1.72E-05,5.05E-05
11,0,0.00E+00,0.00E+00,0.00E+00,0.00E+00,0.00E+00,0.00E+00,0.00E+00,0.00E+00,0.00E+00,0.00E+00,0.00E+00,0.00E+00,0.00E+00,0.00E+00,0.00E+00,0.00E+00,0.00E+00,0.00E+00,0.00E+00,0.00E+00,0.00E+00,0.00E+00,0.00E+00,0.00E+00,0.00E+00,0.00E+00,0.00E+00,0.00E+00,0.00E+00,0.00E+00,0.00E+00,0.00E+00,0.00E+00,0.00E+00,0.00E+00,0.00E+00,0.00E+00,0.00E+00,0.00E+00,0.00E+00,0.00E+00,0.00E+00,0.00E+00,0.00E+00,0.00E+00,0.00E+00,0.00E+00,0.00E+00,0.00E+00,0.00E+00,0.00E+00,0.00E+00,0.00E+00,0.00E+00,0.00E+00,0.00E+00,0.00E+00,0.00E+00,0.00E+00,0.00E+00,0.00E+00,0.00E+00,0.00E+00,0.00E+00,0.00E+00,0.00E+00,0.00E+00,0.00E+00,0.00E+00,0.00E+00,0.00E+00,0.00E+00,0.00E+00,0.00E+00,0.00E+00,0.00E+00,0.00E+00,0.00E+00,0.00E+00,0.00E+00,0.00E+00,0.00E+00,0.00E+00,0.00E+00,0.00E+00,0.00E+00,0.00E+00,0.00E+00,0.00E+00,0.00E+00,0.00E+00,0.00E+00,0.00E+00,0.00E+00,0.00E+00,0.00E+00,0.00E+00,0.00E+00,0.00E+00,0.00E+00,0.00E+00,0.00E+00,0.00E+00,0.00E+00,0.00E+00,0.00E+00,0.00E+00,0.00E+00,0.00E+00,0.00E+00,0.00E+00,0.00E+00,0.00E+00,0.00E+00,0.00E+00,0.00E+00,0.00E+00,0.00E+00,0.00E+00,0.00E+00,0.00E+00,0.00E+00,0.00E+00,0.00E+00,0.00E+00,0.00E+00,0.00E+00,0.00E+00,0.00E+00,0.00E+00,0.00E+00,0.00E+00,0.00E+00,0.00E+00,0.00E+00,0.00E+00,0.00E+00,0.00E+00,0.00E+00,0.00E+00,0.00E+00,0.00E+00,0.00E+00,0.00E+00,0.00E+00,0.00E+00,0.00E+00,0.00E+00,0.00E+00,0.00E+00,0.00E+00,0.00E+00,0.00E+00,0.00E+00,0.00E+00,0.00E+00,0.00E+00,0.00E+00,0.00E+00,0.00E+00,0.00E+00,0.00E+00,0.00E+00,0.00E+00,0.00E+00,0.00E+00,0.00E+00,0.00E+00,0.00E+00,0.00E+00,0.00E+00,0.00E+00,0.00E+00,0.00E+00,0.00E+00,0.00E+00,0.00E+00,0.00E+00,0.00E+00,0.00E+00,0.00E+00,0.00E+00,0.00E+00,0.00E+00,0.00E+00,0.00E+00,0.00E+00,0.00E+00,0.00E+00,0.00E+00,0.00E+00,0.00E+00,0.00E+00,0.00E+00,0.00E+00,0.00E+00,0.00E+00,0.00E+00,0.00E+00,0.00E+00,0.00E+00,0.00E+00,0.00E+00,0.00E+00,0.00E+00,0.00E+00,0.00E+00,0.00E+00,0.00E+00,0.00E+00,0.00E+00,0.00E+00,0.00E+00,0.00E+00,0.00E+00,0.00E+00,0.00E+00,0.00E+00,0.00E+00,0.00E+00,0.00E+00,0.00E+00,0.00E+00,0.00E+00,0.00E+00,0.00E+00,0.00E+00,0.00E+00,0.00E+00,0.00E+00,0.00E+00,0.00E+00,0.00E+00,0.00E+00,0.00E+00,0.00E+00,0.00E+00,0.00E+00,0.00E+00,0.00E+00,0.00E+00,0.00E+00,0.00E+00,0.00E+00,0.00E+00,0.00E+00,0.00E+00,0.00E+00,0.00E+00,0.00E+00,0.00E+00,0.00E+00,0.00E+00,0.00E+00,0.00E+00,0.00E+00,0.00E+00,0.00E+00,0.00E+00,0.00E+00,0.00E+00,0.00E+00,0.00E+00,0.00E+00,0.00E+00,0.00E+00,0.00E+00,0.00E+00,0.00E+00,0.00E+00,0.00E+00,0.00E+00,0.00E+00,0.00E+00,0.00E+00,0.00E+00,0.00E+00,0.00E+00,0.00E+00,0.00E+00,0.00E+00,0.00E+00,0.00E+00,0.00E+00,0.00E+00,0.00E+00,0.00E+00,0.00E+00,0.00E+00,0.00E+00,0.00E+00,0.00E+00,0.00E+00,0.00E+00,0.00E+00,0.00E+00,0.00E+00,0.00E+00,0.00E+00,0.00E+00,0.00E+00,0.00E+00,0.00E+00,0.00E+00,0.00E+00,0.00E+00,0.00E+00,0.00E+00,0.00E+00,0.00E+00,0.00E+00,0.00E+00,0.00E+00,0.00E+00,0.00E+00,0.00E+00,0.00E+00,0.00E+00,0.00E+00,0.00E+00,0.00E+00,0.00E+00,0.00E+00,0.00E+00,0.00E+00,0.00E+00,0.00E+00,0.00E+00,0.00E+00,0.00E+00,0.00E+00,0.00E+00,0.00E+00,0.00E+00,0.00E+00,0.00E+00,0.00E+00,0.00E+00,0.00E+00,0.00E+00,0.00E+00,0.00E+00,0.00E+00,0.00E+00,0.00E+00,0.00E+00,0.00E+00,0.00E+00,0.00E+00,0.00E+00,0.00E+00,0.00E+00,0.00E+00,0.00E+00,0.00E+00,0.00E+00,0.00E+00,0.00E+00,0.00E+00,0.00E+00,0.00E+00,0.00E+00,0.00E+00,0.00E+00,0.00E+00,0.00E+00,0.00E+00,0.00E+00,0.00E+00,0.00E+00,0.00E+00,0.00E+00,0.00E+00,0.00E+00,0.00E+00,0.00E+00,0.00E+00,0.00E+00,0.00E+00,0.00E+00,0.00E+00,0.00E+00,0.00E+00,0.00E+00,0.00E+00,0.00E+00,0.00E+00,0.00E+00,0.00E+00,0.00E+00,0.00E+00,0.00E+00,0.00E+00,0.00E+00,0.00E+00,0.00E+00,0.00E+00,0.00E+00,0.00E+00,0.00E+00,0.00E+00
12,1023,0,0,2.15E-05,6.71E-06,0,0,0,0,7.76E-06,4.31E-06,0,0,1.11E-05,1.90E-05,1.26E-06,2.24E-05,0,7.88E-06,5.08E-06,1.05E-05,5.91E-05,1.75E-05,1.67E-05,2.59E-05,4.77E-05,6.42E-05,4.73E-05,5.51E-05,8.12E-05,0.00011461,0.00012277,0.00014474,0.00017814,0.00018768,0.00025132,0.0002665,0.00032977,0.00037845,0.00044304,0.00053561,0.00059804,0.0006907,0.00079481,0.00093573,0.0010184,0.0011085,0.0012582,0.0013818,0.001517,0.0016742,0.0018217,0.0019642,0.0020876,0.0022048,0.002295,0.0023756,0.0025259,0.0026148,0.0027048,0.0028808,0.0030706,0.0032253,0.0034258,0.0036016,0.0037758,0.0039299,0.0040692,0.0042083,0.0042518,0.0042021,0.0041484,0.0040366,0.003873,0.0036005,0.0034084,0.0032009,0.002864,0.0026706,0.0024765,0.0023781,0.0023074,0.0021909,0.002135,0.0020011,0.0020237,0.0019317,0.0019085,0.0018643,0.0018101,0.0017555,0.0017066,0.0016296,0.0015425,0.0015334,0.0015147,0.0015143,0.001527,0.0015185,0.0015373,0.0015522,0.0016303,0.0016318,0.0016721,0.0017184,0.0017841,0.0017836,0.001882,0.0019609,0.0020024,0.0020638,0.0021147,0.0021827,0.0022449,0.0023384,0.0024129,0.0025002,0.0025722,0.0027018,0.0027799,0.0028385,0.0029058,0.002999,0.0030964,0.0031465,0.003225,0.0033067,0.0033897,0.0034966,0.0035029,0.0036069,0.0036623,0.0036926,0.0038017,0.0038728,0.0039251,0.0040417,0.0040983,0.0041694,0.0042006,0.0042632,0.0043089,0.0043581,0.004403,0.0044318,0.0045207,0.0046337,0.0047278,0.0047873,0.0048641,0.0048426,0.0049241,0.0049869,0.0050477,0.0051971,0.0052427,0.0052983,0.0053507,0.0054911,0.0055969,0.0056068,0.0056852,0.0057555,0.0058446,0.0059607,0.0060739,0.0061036,0.0062211,0.0062457,0.0063102,0.0064662,0.0065824,0.0067207,0.0067133,0.0068577,0.0070012,0.0068957,0.0070652,0.0071482,0.0072538,0.0072679,0.0073866,0.0074766,0.0076453,0.0077448,0.0077643,0.0079636,0.007962,0.0080351,0.0082231,0.008177,0.0084176,0.0084621,0.0085657,0.0085742,0.0087611,0.0087878,0.0089146,0.00899,0.0090974,0.0092906,0.0093494,0.0095295,0.0094968,0.0095591,0.0097092,0.0098189,0.0098618,0.0099833,0.0099761,0.010191,0.01027,0.010328,0.01029,0.010401,0.010436,0.01062,0.010635,0.010746,0.010741,0.010766,0.010835,0.010837,0.010818,0.010902,0.011011,0.010871,0.01092,0.010814,0.010954,0.010932,0.010991,0.0109,0.010841,0.010912,0.010774,0.010811,0.010815,0.01075,0.010651,0.010471,0.010553,0.01043,0.010566,0.010447,0.010356,0.010243,0.010054,0.010193,0.010013,0.0099288,0.0098256,0.0097732,0.0096937,0.0096009,0.0094875,0.0093346,0.0092551,0.0091343,0.0091264,0.0088515,0.0087239,0.0086827,0.0086403,0.0084564,0.0082854,0.008231,0.0081208,0.0079809,0.0078633,0.0075679,0.0076232,0.0073796,0.0072416,0.0070566,0.0071013,0.0070151,0.0068397,0.0066789,0.0066542,0.0063846,0.0062694,0.006185,0.0060414,0.005965,0.0058475,0.0057002,0.0055692,0.0054008,0.0053099,0.0052189,0.0050708,0.0049698,0.0048266,0.0047817,0.0046675,0.0045593,0.0043634,0.0043125,0.0042403,0.0041604,0.0040376,0.0038389,0.0039012,0.0038146,0.0037226,0.0036445,0.0035317,0.0033912,0.0032914,0.0032057,0.0031937,0.0031028,0.0030375,0.00295,0.0028375,0.0028497,0.0027506,0.0026427,0.0025687,0.0025772,0.002486,0.0024116,0.0023563,0.0022963,0.0022105,0.002167,0.0021135,0.0020692,0.0019804,0.0019399,0.0018492,0.0018105,0.0017193,0.0017407,0.0017197,0.0016351,0.0015966,0.0015348,0.0014933,0.0015081,0.0014226,0.0013878,0.0013135,0.001329,0.0012414,0.001231,0.0011871,0.0011871,0.0011638,0.0011159,0.0011091,0.0010468,0.0010213,0.00097125,0.00091859,0.00094852,0.00094231,0.00090772,0.00083761,0.00084281,0.0008481,0.00081181,0.00074366,0.00079201,0.00075868,0.00073481,0.00068141,0.00069069,0.00070666,0.00061761,0.00062939,0.00059647,0.00057328,0.00056471,0.00058372,0.00055659,0.00055698,0.00053247,0.00051557,0.00048775,0.00046123,0.00046502,0.00042326,0.00043145,0.00040439,0.00041111,0.00039696,0.00039654,0.00034768,0.00038164,0.00034958,0.00034296,0.00031478,0.00031767,0.00030931,0.00028076,0.00025523,0.00027762,0.00028014,0.00027588,0.0002603
12,0,0.00E+00,0.00E+00,0.00E+00,0.00E+00,0.00E+00,0.00E+00,0.00E+00,0.00E+00,0.00E+00,0.00E+00,0.00E+00,0.00E+00,0.00E+00,0.00E+00,0.00E+00,0.00E+00,0.00E+00,0.00E+00,0.00E+00,0.00E+00,0.00E+00,0.00E+00,0.00E+00,0.00E+00,0.00E+00,0.00E+00,0.00E+00,0.00E+00,0.00E+00,0.00E+00,0.00E+00,0.00E+00,0.00E+00,0.00E+00,0.00E+00,0.00E+00,0.00E+00,0.00E+00,0.00E+00,0.00E+00,0.00E+00,0.00E+00,0.00E+00,0.00E+00,0.00E+00,0.00E+00,0.00E+00,0.00E+00,0.00E+00,0.00E+00,0.00E+00,0.00E+00,0.00E+00,0.00E+00,0.00E+00,0.00E+00,0.00E+00,0.00E+00,0.00E+00,0.00E+00,0.00E+00,0.00E+00,0.00E+00,0.00E+00,0.00E+00,0.00E+00,0.00E+00,0.00E+00,0.00E+00,0.00E+00,0.00E+00,0.00E+00,0.00E+00,0.00E+00,0.00E+00,0.00E+00,0.00E+00,0.00E+00,0.00E+00,0.00E+00,0.00E+00,0.00E+00,0.00E+00,0.00E+00,0.00E+00,0.00E+00,0.00E+00,0.00E+00,0.00E+00,0.00E+00,0.00E+00,0.00E+00,0.00E+00,0.00E+00,0.00E+00,0.00E+00,0.00E+00,0.00E+00,0.00E+00,0.00E+00,0.00E+00,0.00E+00,0.00E+00,0.00E+00,0.00E+00,0.00E+00,0.00E+00,0.00E+00,0.00E+00,0.00E+00,0.00E+00,0.00E+00,0.00E+00,0.00E+00,0.00E+00,0.00E+00,0.00E+00,0.00E+00,0.00E+00,0.00E+00,0.00E+00,0.00E+00,0.00E+00,0.00E+00,0.00E+00,0.00E+00,0.00E+00,0.00E+00,0.00E+00,0.00E+00,0.00E+00,0.00E+00,0.00E+00,0.00E+00,0.00E+00,0.00E+00,0.00E+00,0.00E+00,0.00E+00,0.00E+00,0.00E+00,0.00E+00,0.00E+00,0.00E+00,0.00E+00,0.00E+00,0.00E+00,0.00E+00,0.00E+00,0.00E+00,0.00E+00,0.00E+00,0.00E+00,0.00E+00,0.00E+00,0.00E+00,0.00E+00,0.00E+00,0.00E+00,0.00E+00,0.00E+00,0.00E+00,0.00E+00,0.00E+00,0.00E+00,0.00E+00,0.00E+00,0.00E+00,0.00E+00,0.00E+00,0.00E+00,0.00E+00,0.00E+00,0.00E+00,0.00E+00,0.00E+00,0.00E+00,0.00E+00,0.00E+00,0.00E+00,0.00E+00,0.00E+00,0.00E+00,0.00E+00,0.00E+00,0.00E+00,0.00E+00,0.00E+00,0.00E+00,0.00E+00,0.00E+00,0.00E+00,0.00E+00,0.00E+00,0.00E+00,0.00E+00,0.00E+00,0.00E+00,0.00E+00,0.00E+00,0.00E+00,0.00E+00,0.00E+00,0.00E+00,0.00E+00,0.00E+00,0.00E+00,0.00E+00,0.00E+00,0.00E+00,0.00E+00,0.00E+00,0.00E+00,0.00E+00,0.00E+00,0.00E+00,0.00E+00,0.00E+00,0.00E+00,0.00E+00,0.00E+00,0.00E+00,0.00E+00,0.00E+00,0.00E+00,0.00E+00,0.00E+00,0.00E+00,0.00E+00,0.00E+00,0.00E+00,0.00E+00,0.00E+00,0.00E+00,0.00E+00,0.00E+00,0.00E+00,0.00E+00,0.00E+00,0.00E+00,0.00E+00,0.00E+00,0.00E+00,0.00E+00,0.00E+00,0.00E+00,0.00E+00,0.00E+00,0.00E+00,0.00E+00,0.00E+00,0.00E+00,0.00E+00,0.00E+00,0.00E+00,0.00E+00,0.00E+00,0.00E+00,0.00E+00,0.00E+00,0.00E+00,0.00E+00,0.00E+00,0.00E+00,0.00E+00,0.00E+00,0.00E+00,0.00E+00,0.00E+00,0.00E+00,0.00E+00,0.00E+00,0.00E+00,0.00E+00,0.00E+00,0.00E+00,0.00E+00,0.00E+00,0.00E+00,0.00E+00,0.00E+00,0.00E+00,0.00E+00,0.00E+00,0.00E+00,0.00E+00,0.00E+00,0.00E+00,0.00E+00,0.00E+00,0.00E+00,0.00E+00,0.00E+00,0.00E+00,0.00E+00,0.00E+00,0.00E+00,0.00E+00,0.00E+00,0.00E+00,0.00E+00,0.00E+00,0.00E+00,0.00E+00,0.00E+00,0.00E+00,0.00E+00,0.00E+00,0.00E+00,0.00E+00,0.00E+00,0.00E+00,0.00E+00,0.00E+00,0.00E+00,0.00E+00,0.00E+00,0.00E+00,0.00E+00,0.00E+00,0.00E+00,0.00E+00,0.00E+00,0.00E+00,0.00E+00,0.00E+00,0.00E+00,0.00E+00,0.00E+00,0.00E+00,0.00E+00,0.00E+00,0.00E+00,0.00E+00,0.00E+00,0.00E+00,0.00E+00,0.00E+00,0.00E+00,0.00E+00,0.00E+00,0.00E+00,0.00E+00,0.00E+00,0.00E+00,0.00E+00,0.00E+00,0.00E+00,0.00E+00,0.00E+00,0.00E+00,0.00E+00,0.00E+00,0.00E+00,0.00E+00,0.00E+00,0.00E+00,0.00E+00,0.00E+00,0.00E+00,0.00E+00,0.00E+00,0.00E+00,0.00E+00,0.00E+00,0.00E+00,0.00E+00,0.00E+00,0.00E+00,0.00E+00,0.00E+00,0.00E+00,0.00E+00,0.00E+00,0.00E+00,0.00E+00,0.00E+00,0.00E+00,0.00E+00,0.00E+00,0.00E+00,0.00E+00,0.00E+00,0.00E+00,0.00E+00,0.00E+00,0.00E+00,0.00E+00,0.00E+00,0.00E+00,0.00E+00,0.00E+00,0.00E+00,0.00E+00,0.00E+00,0.00E+00,0.00E+00,0.00E+00,0.00E+00,0.00E+00,0.00E+00
13,1023,1.46E-05,0,1.52E-05,2.59E-06,1.36E-06,1.57E-05,1.36E-05,2.25E-05,1.95E-05,8.03E-08,1.62E-05,3.09E-05,2.51E-05,3.24E-05,1.14E-05,1.73E-05,3.58E-05,3.66E-05,4.03E-05,3.07E-05,7.53E-05,6.14E-05,8.79E-05,0.00010127,8.34E-05,0.00011991,0.0001617,0.00019051,0.00020637,0.0002354,0.00031635,0.00043548,0.00049925,0.00064134,0.00074404,0.00094268,0.0011229,0.0013304,0.0015396,0.0018383,0.0021246,0.0024357,0.0027798,0.0031372,0.0034493,0.0037882,0.0041529,0.0044381,0.0046738,0.004945,0.0052324,0.0054574,0.0057507,0.0060982,0.0064288,0.0066588,0.0070228,0.0074059,0.0076159,0.0079398,0.0080837,0.0081877,0.0080918,0.007929,0.0075876,0.0072341,0.0066347,0.0060724,0.0053844,0.0047054,0.004094,0.0035509,0.0030643,0.0025632,0.0022405,0.0019316,0.0017113,0.0014922,0.001306,0.0012361,0.0011117,0.0010147,0.00091344,0.00084834,0.0007797,0.00070293,0.0006587,0.0005761,0.00057349,0.00051669,0.00048549,0.00046825,0.00042424,0.0004325,0.00043011,0.00040633,0.00040339,0.0004051,0.00041348,0.00041434,0.0003944,0.00040977,0.00042642,0.00043775,0.00047885,0.00050675,0.0005219,0.0005407,0.00059529,0.00064341,0.00069022,0.00077108,0.00081655,0.00089272,0.00099514,0.0010917,0.0011934,0.0012952,0.0014069,0.0015258,0.0016627,0.0017941,0.0019304,0.0020813,0.0022184,0.0023421,0.0025105,0.0026504,0.0028308,0.0029942,0.0031363,0.0032814,0.0034258,0.0035838,0.0037484,0.0038862,0.003998,0.0041525,0.0042583,0.0043214,0.0044625,0.0045957,0.0046396,0.0047784,0.0048689,0.0049554,0.0050582,0.0051118,0.0052413,0.0052992,0.0054456,0.0054425,0.0054715,0.0055417,0.005668,0.0056286,0.0056295,0.0057153,0.0057898,0.0057277,0.005793,0.0058763,0.0058881,0.0058685,0.0058648,0.0058953,0.0059028,0.005962,0.0059052,0.0059361,0.0059477,0.0059245,0.0059295,0.0059037,0.0059421,0.0059856,0.0059474,0.0059728,0.0059185,0.0058694,0.0058648,0.0058325,0.0058677,0.0058628,0.0058839,0.0058722,0.0058817,0.0058118,0.0058039,0.0057776,0.0058094,0.005746,0.0057234,0.0056944,0.005633,0.0056013,0.0055899,0.0055495,0.0054757,0.0055206,0.0054885,0.0054931,0.0054402,0.00541,0.0053819,0.0053539,0.0053445,0.0052908,0.0052663,0.0052551,0.0051403,0.0051416,0.0050932,0.0050417,0.0049711,0.0048905,0.0049201,0.0048793,0.0048352,0.0047315,0.0046986,0.0046295,0.0045961,0.0045753,0.0045012,0.0044597,0.0043699,0.0043931,0.0042428,0.0042759,0.0042002,0.0041157,0.0040115,0.0039458,0.0039778,0.0038928,0.003832,0.0037675,0.0037039,0.0036617,0.0035657,0.0035819,0.0035,0.0034887,0.0034077,0.0032903,0.0033466,0.0031859,0.0031625,0.0031638,0.0030753,0.0029865,0.0029747,0.0028934,0.0028471,0.0028539,0.0027871,0.0027154,0.0026845,0.0026043,0.0025733,0.0025029,0.002456,0.0023637,0.0023395,0.0023216,0.0022752,0.002197,0.0021969,0.0021812,0.002103,0.0020522,0.0020247,0.0019723,0.0019056,0.0019319,0.0018971,0.0018612,0.0018086,0.0017295,0.001698,0.0016719,0.0016441,0.0015725,0.001551,0.0015287,0.0015157,0.0014499,0.0014718,0.0013997,0.0013839,0.0013634,0.0013123,0.0012337,0.0012612,0.0012174,0.0012505,0.0011428,0.0011309,0.0011209,0.0011046,0.001085,0.0010406,0.0010025,0.00095865,0.0009798,0.00094774,0.00094551,0.00093005,0.00088379,0.00087194,0.00083537,0.00083857,0.00080586,0.00077214,0.0007697,0.00077787,0.00074278,0.00070454,0.00070329,0.00068112,0.0006851,0.00066295,0.00061912,0.00061751,0.00062927,0.00061288,0.00059157,0.00056807,0.00055143,0.00055565,0.00052237,0.00051392,0.00050891,0.00049036,0.00046334,0.00045845,0.00045126,0.00046788,0.00045809,0.00039863,0.00044181,0.00039731,0.00041845,0.00040566,0.00036816,0.00038225,0.00036437,0.00036893,0.00035064,0.00033238,0.00035758,0.00033945,0.00030134,0.00029942,0.00030124,0.00028991,0.00025824,0.00029259,0.00029242,0.0002827,0.00026198,0.00025681,0.00025198,0.00026983,0.00024692,0.00026535,0.0002296,0.0002307,0.00022,0.00021922,0.00023137,0.00019043,0.00021252,0.00019205,0.00023703,0.00019884,0.00015595,0.00018605,0.00018894,0.00019987,0.00016634,0.00016849,0.00017194,0.00015548,0.00015832,0.00014609,0.00014173,0.00016844,0.00013504,0.00013278,0.00013744,0.00012076,0.000114,0.00012649,0.00012224,0.00013822,0.00010313,0.0001116,0.00010415,0.00011241
13,0,0.00E+00,0.00E+00,0.00E+00,0.00E+00,0.00E+00,0.00E+00,0.00E+00,0.00E+00,0.00E+00,0.00E+00,0.00E+00,0.00E+00,0.00E+00,0.00E+00,0.00E+00,0.00E+00,0.00E+00,0.00E+00,0.00E+00,0.00E+00,0.00E+00,0.00E+00,0.00E+00,0.00E+00,0.00E+00,0.00E+00,0.00E+00,0.00E+00,0.00E+00,0.00E+00,0.00E+00,0.00E+00,0.00E+00,0.00E+00,0.00E+00,0.00E+00,0.00E+00,0.00E+00,0.00E+00,0.00E+00,0.00E+00,0.00E+00,0.00E+00,0.00E+00,0.00E+00,0.00E+00,0.00E+00,0.00E+00,0.00E+00,0.00E+00,0.00E+00,0.00E+00,0.00E+00,0.00E+00,0.00E+00,0.00E+00,0.00E+00,0.00E+00,0.00E+00,0.00E+00,0.00E+00,0.00E+00,0.00E+00,0.00E+00,0.00E+00,0.00E+00,0.00E+00,0.00E+00,0.00E+00,0.00E+00,0.00E+00,0.00E+00,0.00E+00,0.00E+00,0.00E+00,0.00E+00,0.00E+00,0.00E+00,0.00E+00,0.00E+00,0.00E+00,0.00E+00,0.00E+00,0.00E+00,0.00E+00,0.00E+00,0.00E+00,0.00E+00,0.00E+00,0.00E+00,0.00E+00,0.00E+00,0.00E+00,0.00E+00,0.00E+00,0.00E+00,0.00E+00,0.00E+00,0.00E+00,0.00E+00,0.00E+00,0.00E+00,0.00E+00,0.00E+00,0.00E+00,0.00E+00,0.00E+00,0.00E+00,0.00E+00,0.00E+00,0.00E+00,0.00E+00,0.00E+00,0.00E+00,0.00E+00,0.00E+00,0.00E+00,0.00E+00,0.00E+00,0.00E+00,0.00E+00,0.00E+00,0.00E+00,0.00E+00,0.00E+00,0.00E+00,0.00E+00,0.00E+00,0.00E+00,0.00E+00,0.00E+00,0.00E+00,0.00E+00,0.00E+00,0.00E+00,0.00E+00,0.00E+00,0.00E+00,0.00E+00,0.00E+00,0.00E+00,0.00E+00,0.00E+00,0.00E+00,0.00E+00,0.00E+00,0.00E+00,0.00E+00,0.00E+00,0.00E+00,0.00E+00,0.00E+00,0.00E+00,0.00E+00,0.00E+00,0.00E+00,0.00E+00,0.00E+00,0.00E+00,0.00E+00,0.00E+00,0.00E+00,0.00E+00,0.00E+00,0.00E+00,0.00E+00,0.00E+00,0.00E+00,0.00E+00,0.00E+00,0.00E+00,0.00E+00,0.00E+00,0.00E+00,0.00E+00,0.00E+00,0.00E+00,0.00E+00,0.00E+00,0.00E+00,0.00E+00,0.00E+00,0.00E+00,0.00E+00,0.00E+00,0.00E+00,0.00E+00,0.00E+00,0.00E+00,0.00E+00,0.00E+00,0.00E+00,0.00E+00,0.00E+00,0.00E+00,0.00E+00,0.00E+00,0.00E+00,0.00E+00,0.00E+00,0.00E+00,0.00E+00,0.00E+00,0.00E+00,0.00E+00,0.00E+00,0.00E+00,0.00E+00,0.00E+00,0.00E+00,0.00E+00,0.00E+00,0.00E+00,0.00E+00,0.00E+00,0.00E+00,0.00E+00,0.00E+00,0.00E+00,0.00E+00,0.00E+00,0.00E+00,0.00E+00,0.00E+00,0.00E+00,0.00E+00,0.00E+00,0.00E+00,0.00E+00,0.00E+00,0.00E+00,0.00E+00,0.00E+00,0.00E+00,0.00E+00,0.00E+00,0.00E+00,0.00E+00,0.00E+00,0.00E+00,0.00E+00,0.00E+00,0.00E+00,0.00E+00,0.00E+00,0.00E+00,0.00E+00,0.00E+00,0.00E+00,0.00E+00,0.00E+00,0.00E+00,0.00E+00,0.00E+00,0.00E+00,0.00E+00,0.00E+00,0.00E+00,0.00E+00,0.00E+00,0.00E+00,0.00E+00,0.00E+00,0.00E+00,0.00E+00,0.00E+00,0.00E+00,0.00E+00,0.00E+00,0.00E+00,0.00E+00,0.00E+00,0.00E+00,0.00E+00,0.00E+00,0.00E+00,0.00E+00,0.00E+00,0.00E+00,0.00E+00,0.00E+00,0.00E+00,0.00E+00,0.00E+00,0.00E+00,0.00E+00,0.00E+00,0.00E+00,0.00E+00,0.00E+00,0.00E+00,0.00E+00,0.00E+00,0.00E+00,0.00E+00,0.00E+00,0.00E+00,0.00E+00,0.00E+00,0.00E+00,0.00E+00,0.00E+00,0.00E+00,0.00E+00,0.00E+00,0.00E+00,0.00E+00,0.00E+00,0.00E+00,0.00E+00,0.00E+00,0.00E+00,0.00E+00,0.00E+00,0.00E+00,0.00E+00,0.00E+00,0.00E+00,0.00E+00,0.00E+00,0.00E+00,0.00E+00,0.00E+00,0.00E+00,0.00E+00,0.00E+00,0.00E+00,0.00E+00,0.00E+00,0.00E+00,0.00E+00,0.00E+00,0.00E+00,0.00E+00,0.00E+00,0.00E+00,0.00E+00,0.00E+00,0.00E+00,0.00E+00,0.00E+00,0.00E+00,0.00E+00,0.00E+00,0.00E+00,0.00E+00,0.00E+00,0.00E+00,0.00E+00,0.00E+00,0.00E+00,0.00E+00,0.00E+00,0.00E+00,0.00E+00,0.00E+00,0.00E+00,0.00E+00,0.00E+00,0.00E+00,0.00E+00,0.00E+00,0.00E+00,0.00E+00,0.00E+00,0.00E+00,0.00E+00,0.00E+00,0.00E+00,0.00E+00,0.00E+00,0.00E+00,0.00E+00,0.00E+00,0.00E+00,0.00E+00,0.00E+00,0.00E+00,0.00E+00,0.00E+00,0.00E+00,0.00E+00,0.00E+00,0.00E+00,0.00E+00,0.00E+00,0.00E+00,0.00E+00,0.00E+00,0.00E+00,0.00E+00,0.00E+00,0.00E+00,0.00E+00,0.00E+00,0.00E+00,0.00E+00,0.00E+00,0.00E+00,0.00E+00,0.00E+00